repeat,fold,idx,role
0,0,0,train
0,0,1,train
0,0,2,val
0,0,3,val
0,0,4,val
0,0,5,val
0,0,6,val
0,0,7,val
0,0,8,val
0,0,9,val
0,0,10,val
0,0,11,val
0,0,12,val
0,0,13,val
0,0,14,val
0,0,15,val
0,0,16,val
0,0,17,val
0,0,18,val
0,0,19,val
0,0,20,val
0,0,21,val
0,0,22,val
0,0,23,val
0,0,24,val
0,0,25,val
0,0,26,val
0,0,27,val
0,0,28,val
0,0,29,val
0,0,30,val
0,0,31,val
0,0,32,val
0,0,33,val
0,0,34,val
0,0,35,val
0,0,36,val
0,0,37,val
0,0,38,val
0,0,39,train
0,0,40,train
0,0,41,train
0,0,42,train
0,0,43,train
0,0,44,train
0,0,45,train
0,0,46,train
0,0,47,train
0,0,48,train
0,0,49,train
0,0,50,train
0,0,51,train
0,0,52,train
0,0,53,train
0,0,54,train
0,0,55,train
0,0,56,train
0,0,57,train
0,0,58,train
0,0,59,train
0,0,60,train
0,0,61,train
0,0,62,train
0,0,63,train
0,0,64,train
0,0,65,train
0,0,66,train
0,0,67,train
0,0,68,train
0,0,69,train
0,0,70,train
0,0,71,train
0,0,72,train
0,0,73,train
0,0,74,train
0,0,75,train
0,0,76,train
0,0,77,train
0,0,78,train
0,0,79,train
0,0,80,train
0,0,81,train
0,0,82,train
0,0,83,train
0,0,84,train
0,0,85,train
0,0,86,train
0,0,87,train
0,0,88,train
0,0,89,train
0,0,90,train
0,0,91,train
0,0,92,train
0,0,93,train
0,0,94,train
0,0,95,train
0,0,96,train
0,0,97,train
0,0,98,train
0,0,99,train
0,0,100,train
0,0,101,train
0,0,102,train
0,0,103,train
0,0,104,train
0,0,105,train
0,0,106,train
0,0,107,test
0,0,108,test
0,0,109,test
0,0,110,test
0,0,111,test
0,0,112,test
0,0,113,test
0,0,114,test
0,0,115,train
0,0,116,train
0,0,117,train
0,0,118,train
0,0,119,train
0,0,120,train
0,0,121,train
0,0,122,train
0,0,123,train
0,0,124,train
0,0,125,train
0,0,126,train
0,0,127,train
0,0,128,train
0,0,129,train
0,0,130,train
0,0,131,train
0,0,132,train
0,0,133,train
0,0,134,train
0,0,135,train
0,0,136,train
0,0,137,train
0,0,138,train
0,0,139,train
0,0,140,train
0,0,141,train
0,0,142,train
0,0,143,train
0,0,144,train
0,0,145,train
0,0,146,train
0,0,147,train
0,0,148,train
0,0,149,train
0,0,150,train
0,0,151,train
0,0,152,train
0,0,153,train
0,0,154,train
0,0,155,train
0,0,156,train
0,0,157,train
0,0,158,train
0,0,159,train
0,0,160,train
0,0,161,train
0,0,162,test
0,0,163,test
0,0,164,test
0,0,165,train
0,0,166,train
0,0,167,train
0,0,168,train
0,0,169,train
0,0,170,train
0,0,171,train
0,0,172,train
0,0,173,val
0,0,174,val
0,0,175,val
0,0,176,val
0,0,177,val
0,0,178,val
0,0,179,val
0,0,180,val
0,0,181,train
0,0,182,train
0,0,183,train
0,0,184,train
0,0,185,train
0,0,186,train
0,0,187,test
0,0,188,test
0,0,189,test
0,0,190,test
0,0,191,test
0,0,192,test
0,0,193,test
0,0,194,test
0,0,195,test
0,0,196,test
0,0,197,test
0,0,198,test
0,0,199,test
0,0,200,test
0,0,201,train
0,0,202,train
0,0,203,train
0,0,204,train
0,0,205,train
0,0,206,train
0,0,207,train
0,0,208,train
0,0,209,train
0,0,210,train
0,0,211,train
0,0,212,train
0,0,213,train
0,0,214,train
0,0,215,train
0,0,216,train
0,0,217,train
0,0,218,train
0,0,219,train
0,0,220,train
0,0,221,train
0,0,222,train
0,0,223,train
0,0,224,train
0,0,225,train
0,0,226,train
0,0,227,train
0,0,228,train
0,0,229,train
0,0,230,train
0,0,231,train
0,0,232,train
0,0,233,train
0,0,234,train
0,0,235,train
0,0,236,train
0,0,237,train
0,0,238,train
0,0,239,train
0,0,240,train
0,0,241,train
0,0,242,train
0,0,243,train
0,0,244,train
0,0,245,train
0,0,246,train
0,0,247,train
0,0,248,test
0,0,249,test
0,0,250,test
0,0,251,test
0,0,252,train
0,0,253,train
0,0,254,train
0,0,255,train
0,0,256,train
0,0,257,train
0,0,258,train
0,0,259,train
0,0,260,train
0,0,261,train
0,0,262,train
0,0,263,train
0,0,264,train
0,0,265,train
0,0,266,train
0,0,267,train
0,0,268,train
0,0,269,train
0,0,270,train
0,0,271,train
0,0,272,train
0,0,273,train
0,0,274,train
0,0,275,train
0,0,276,train
0,0,277,train
0,0,278,train
0,0,279,train
0,0,280,train
0,0,281,train
0,0,282,train
0,0,283,train
0,0,284,train
0,0,285,train
0,0,286,train
0,0,287,train
0,0,288,train
0,0,289,train
0,0,290,train
0,0,291,train
0,0,292,train
0,0,293,train
0,0,294,train
0,0,295,train
0,0,296,train
0,0,297,train
0,0,298,train
0,0,299,train
0,0,300,train
0,0,301,train
0,0,302,train
0,0,303,val
0,0,304,train
0,0,305,train
0,0,306,test
0,0,307,test
0,0,308,train
0,0,309,val
0,0,310,val
0,0,311,val
0,0,312,val
0,0,313,val
0,0,314,val
0,0,315,train
0,0,316,train
0,0,317,train
0,0,318,train
0,0,319,train
0,0,320,train
0,0,321,train
0,0,322,train
0,0,323,train
0,0,324,train
0,0,325,train
0,0,326,train
0,0,327,train
0,0,328,train
0,0,329,train
0,0,330,train
0,0,331,train
0,0,332,train
0,0,333,train
0,0,334,train
0,0,335,train
0,0,336,train
0,0,337,train
0,0,338,train
0,0,339,train
0,0,340,train
0,0,341,train
0,0,342,train
0,0,343,train
0,0,344,train
0,0,345,train
0,0,346,train
0,0,347,train
0,0,348,train
0,0,349,train
0,0,350,train
0,0,351,train
0,0,352,train
0,0,353,train
0,0,354,train
0,0,355,train
0,0,356,train
0,0,357,train
0,0,358,train
0,0,359,train
0,0,360,train
0,0,361,train
0,0,362,train
0,0,363,train
0,0,364,train
0,0,365,train
0,0,366,train
0,0,367,train
0,0,368,train
0,0,369,train
0,0,370,train
0,0,371,train
0,0,372,train
0,0,373,train
0,0,374,train
0,0,375,train
0,0,376,train
0,0,377,train
0,0,378,train
0,0,379,train
0,0,380,train
0,0,381,train
0,0,382,train
0,0,383,train
0,0,384,train
0,0,385,train
0,0,386,train
0,0,387,train
0,0,388,train
0,0,389,train
0,0,390,train
0,0,391,train
0,0,392,train
0,0,393,train
0,0,394,train
0,0,395,train
0,0,396,train
0,0,397,train
0,0,398,train
0,0,399,train
0,0,400,train
0,0,401,train
0,0,402,train
0,0,403,train
0,0,404,train
0,0,405,train
0,0,406,train
0,0,407,val
0,0,408,train
0,0,409,train
0,0,410,train
0,0,411,train
0,0,412,train
0,0,413,train
0,0,414,train
0,0,415,train
0,0,416,train
0,0,417,train
0,0,418,train
0,0,419,train
0,0,420,train
0,0,421,train
0,0,422,train
0,0,423,train
0,0,424,train
0,0,425,train
0,0,426,train
0,0,427,train
0,0,428,train
0,0,429,train
0,0,430,test
0,0,431,test
0,0,432,test
0,0,433,test
0,0,434,test
0,0,435,test
0,0,436,test
0,0,437,test
0,0,438,test
0,0,439,train
0,0,440,train
0,0,441,train
0,0,442,train
0,0,443,train
0,0,444,train
0,0,445,train
0,0,446,train
0,0,447,train
0,0,448,train
0,0,449,train
0,0,450,train
0,0,451,train
0,0,452,train
0,0,453,train
0,0,454,train
0,0,455,train
0,0,456,train
0,0,457,train
0,0,458,train
0,0,459,test
0,0,460,test
0,0,461,test
0,0,462,test
0,0,463,test
0,0,464,test
0,0,465,test
0,0,466,test
0,0,467,train
0,0,468,train
0,0,469,train
0,0,470,train
0,0,471,train
0,0,472,test
0,0,473,test
0,0,474,train
0,0,475,train
0,0,476,train
0,0,477,train
0,0,478,train
0,0,479,train
0,0,480,train
0,0,481,train
0,0,482,train
0,0,483,train
0,0,484,train
0,0,485,train
0,0,486,train
0,0,487,train
0,0,488,train
0,0,489,train
0,0,490,train
0,0,491,train
0,0,492,train
0,0,493,train
0,0,494,train
0,0,495,train
0,0,496,train
0,0,497,train
0,0,498,train
0,0,499,train
0,0,500,train
0,0,501,train
0,0,502,train
0,0,503,train
0,0,504,train
0,0,505,train
0,0,506,train
0,0,507,train
0,0,508,train
0,0,509,train
0,0,510,train
0,0,511,train
0,0,512,train
0,0,513,train
0,0,514,train
0,0,515,train
0,0,516,train
0,0,517,train
0,0,518,train
0,0,519,train
0,0,520,train
0,0,521,train
0,0,522,train
0,0,523,val
0,0,524,val
0,0,525,val
0,0,526,val
0,0,527,val
0,0,528,train
0,0,529,train
0,0,530,train
0,0,531,train
0,0,532,train
0,0,533,train
0,0,534,train
0,0,535,train
0,0,536,train
0,0,537,train
0,0,538,train
0,0,539,train
0,0,540,train
0,0,541,train
0,0,542,train
0,0,543,train
0,0,544,train
0,0,545,train
0,0,546,train
0,0,547,test
0,0,548,test
0,0,549,train
0,1,0,test
0,1,1,train
0,1,2,train
0,1,3,train
0,1,4,train
0,1,5,train
0,1,6,train
0,1,7,train
0,1,8,train
0,1,9,train
0,1,10,train
0,1,11,train
0,1,12,train
0,1,13,train
0,1,14,train
0,1,15,train
0,1,16,train
0,1,17,train
0,1,18,train
0,1,19,train
0,1,20,train
0,1,21,train
0,1,22,train
0,1,23,train
0,1,24,train
0,1,25,train
0,1,26,train
0,1,27,train
0,1,28,train
0,1,29,train
0,1,30,train
0,1,31,train
0,1,32,test
0,1,33,test
0,1,34,test
0,1,35,test
0,1,36,test
0,1,37,test
0,1,38,test
0,1,39,train
0,1,40,test
0,1,41,test
0,1,42,test
0,1,43,test
0,1,44,test
0,1,45,test
0,1,46,test
0,1,47,test
0,1,48,test
0,1,49,test
0,1,50,test
0,1,51,test
0,1,52,test
0,1,53,test
0,1,54,test
0,1,55,test
0,1,56,test
0,1,57,test
0,1,58,test
0,1,59,test
0,1,60,test
0,1,61,test
0,1,62,test
0,1,63,test
0,1,64,test
0,1,65,test
0,1,66,test
0,1,67,test
0,1,68,test
0,1,69,test
0,1,70,test
0,1,71,test
0,1,72,test
0,1,73,test
0,1,74,test
0,1,75,test
0,1,76,test
0,1,77,test
0,1,78,test
0,1,79,test
0,1,80,test
0,1,81,test
0,1,82,test
0,1,83,test
0,1,84,test
0,1,85,test
0,1,86,test
0,1,87,test
0,1,88,test
0,1,89,test
0,1,90,test
0,1,91,test
0,1,92,test
0,1,93,test
0,1,94,test
0,1,95,test
0,1,96,train
0,1,97,train
0,1,98,train
0,1,99,train
0,1,100,train
0,1,101,train
0,1,102,train
0,1,103,train
0,1,104,val
0,1,105,val
0,1,106,val
0,1,107,train
0,1,108,train
0,1,109,train
0,1,110,train
0,1,111,train
0,1,112,train
0,1,113,train
0,1,114,train
0,1,115,test
0,1,116,test
0,1,117,test
0,1,118,test
0,1,119,train
0,1,120,train
0,1,121,train
0,1,122,train
0,1,123,train
0,1,124,train
0,1,125,train
0,1,126,train
0,1,127,train
0,1,128,train
0,1,129,train
0,1,130,train
0,1,131,val
0,1,132,val
0,1,133,val
0,1,134,val
0,1,135,val
0,1,136,val
0,1,137,val
0,1,138,val
0,1,139,val
0,1,140,val
0,1,141,test
0,1,142,test
0,1,143,test
0,1,144,test
0,1,145,test
0,1,146,val
0,1,147,val
0,1,148,val
0,1,149,val
0,1,150,val
0,1,151,val
0,1,152,val
0,1,153,val
0,1,154,train
0,1,155,test
0,1,156,test
0,1,157,test
0,1,158,test
0,1,159,test
0,1,160,test
0,1,161,test
0,1,162,train
0,1,163,train
0,1,164,train
0,1,165,train
0,1,166,train
0,1,167,train
0,1,168,train
0,1,169,train
0,1,170,train
0,1,171,train
0,1,172,train
0,1,173,train
0,1,174,train
0,1,175,train
0,1,176,train
0,1,177,train
0,1,178,train
0,1,179,train
0,1,180,train
0,1,181,val
0,1,182,val
0,1,183,val
0,1,184,val
0,1,185,val
0,1,186,train
0,1,187,train
0,1,188,train
0,1,189,train
0,1,190,train
0,1,191,train
0,1,192,train
0,1,193,train
0,1,194,train
0,1,195,train
0,1,196,train
0,1,197,train
0,1,198,train
0,1,199,train
0,1,200,train
0,1,201,train
0,1,202,train
0,1,203,train
0,1,204,train
0,1,205,train
0,1,206,train
0,1,207,train
0,1,208,train
0,1,209,train
0,1,210,train
0,1,211,train
0,1,212,train
0,1,213,train
0,1,214,train
0,1,215,train
0,1,216,train
0,1,217,train
0,1,218,train
0,1,219,train
0,1,220,train
0,1,221,train
0,1,222,train
0,1,223,train
0,1,224,train
0,1,225,train
0,1,226,train
0,1,227,train
0,1,228,train
0,1,229,train
0,1,230,train
0,1,231,train
0,1,232,train
0,1,233,train
0,1,234,train
0,1,235,train
0,1,236,train
0,1,237,train
0,1,238,train
0,1,239,train
0,1,240,train
0,1,241,train
0,1,242,train
0,1,243,train
0,1,244,test
0,1,245,test
0,1,246,test
0,1,247,test
0,1,248,val
0,1,249,val
0,1,250,val
0,1,251,val
0,1,252,test
0,1,253,test
0,1,254,test
0,1,255,train
0,1,256,train
0,1,257,train
0,1,258,train
0,1,259,train
0,1,260,train
0,1,261,train
0,1,262,train
0,1,263,train
0,1,264,train
0,1,265,train
0,1,266,train
0,1,267,train
0,1,268,train
0,1,269,train
0,1,270,test
0,1,271,test
0,1,272,test
0,1,273,test
0,1,274,test
0,1,275,test
0,1,276,test
0,1,277,test
0,1,278,test
0,1,279,test
0,1,280,test
0,1,281,train
0,1,282,train
0,1,283,train
0,1,284,train
0,1,285,train
0,1,286,train
0,1,287,train
0,1,288,train
0,1,289,train
0,1,290,train
0,1,291,train
0,1,292,train
0,1,293,train
0,1,294,train
0,1,295,train
0,1,296,train
0,1,297,train
0,1,298,train
0,1,299,train
0,1,300,train
0,1,301,train
0,1,302,train
0,1,303,train
0,1,304,train
0,1,305,train
0,1,306,train
0,1,307,train
0,1,308,train
0,1,309,val
0,1,310,val
0,1,311,val
0,1,312,val
0,1,313,val
0,1,314,val
0,1,315,train
0,1,316,train
0,1,317,train
0,1,318,train
0,1,319,train
0,1,320,train
0,1,321,train
0,1,322,train
0,1,323,train
0,1,324,train
0,1,325,train
0,1,326,train
0,1,327,train
0,1,328,train
0,1,329,train
0,1,330,train
0,1,331,train
0,1,332,train
0,1,333,train
0,1,334,train
0,1,335,train
0,1,336,train
0,1,337,train
0,1,338,train
0,1,339,train
0,1,340,train
0,1,341,train
0,1,342,train
0,1,343,train
0,1,344,train
0,1,345,train
0,1,346,train
0,1,347,train
0,1,348,train
0,1,349,train
0,1,350,train
0,1,351,train
0,1,352,train
0,1,353,train
0,1,354,train
0,1,355,train
0,1,356,train
0,1,357,train
0,1,358,train
0,1,359,train
0,1,360,train
0,1,361,train
0,1,362,train
0,1,363,train
0,1,364,train
0,1,365,train
0,1,366,train
0,1,367,train
0,1,368,train
0,1,369,train
0,1,370,train
0,1,371,train
0,1,372,train
0,1,373,train
0,1,374,train
0,1,375,train
0,1,376,train
0,1,377,train
0,1,378,train
0,1,379,train
0,1,380,train
0,1,381,train
0,1,382,train
0,1,383,train
0,1,384,train
0,1,385,train
0,1,386,train
0,1,387,train
0,1,388,train
0,1,389,train
0,1,390,train
0,1,391,train
0,1,392,train
0,1,393,train
0,1,394,train
0,1,395,train
0,1,396,train
0,1,397,train
0,1,398,train
0,1,399,train
0,1,400,train
0,1,401,train
0,1,402,train
0,1,403,train
0,1,404,test
0,1,405,test
0,1,406,train
0,1,407,test
0,1,408,train
0,1,409,train
0,1,410,train
0,1,411,train
0,1,412,train
0,1,413,train
0,1,414,train
0,1,415,train
0,1,416,train
0,1,417,train
0,1,418,train
0,1,419,train
0,1,420,train
0,1,421,train
0,1,422,train
0,1,423,train
0,1,424,train
0,1,425,train
0,1,426,train
0,1,427,train
0,1,428,train
0,1,429,train
0,1,430,train
0,1,431,train
0,1,432,train
0,1,433,train
0,1,434,train
0,1,435,train
0,1,436,train
0,1,437,train
0,1,438,train
0,1,439,test
0,1,440,test
0,1,441,test
0,1,442,test
0,1,443,test
0,1,444,test
0,1,445,test
0,1,446,test
0,1,447,test
0,1,448,train
0,1,449,train
0,1,450,train
0,1,451,train
0,1,452,train
0,1,453,train
0,1,454,train
0,1,455,train
0,1,456,train
0,1,457,train
0,1,458,train
0,1,459,train
0,1,460,train
0,1,461,train
0,1,462,train
0,1,463,train
0,1,464,train
0,1,465,train
0,1,466,train
0,1,467,val
0,1,468,val
0,1,469,val
0,1,470,val
0,1,471,val
0,1,472,train
0,1,473,train
0,1,474,train
0,1,475,train
0,1,476,train
0,1,477,train
0,1,478,train
0,1,479,train
0,1,480,train
0,1,481,train
0,1,482,train
0,1,483,train
0,1,484,train
0,1,485,train
0,1,486,train
0,1,487,train
0,1,488,train
0,1,489,train
0,1,490,train
0,1,491,train
0,1,492,train
0,1,493,train
0,1,494,train
0,1,495,train
0,1,496,train
0,1,497,train
0,1,498,train
0,1,499,train
0,1,500,train
0,1,501,train
0,1,502,train
0,1,503,train
0,1,504,train
0,1,505,train
0,1,506,train
0,1,507,train
0,1,508,train
0,1,509,train
0,1,510,train
0,1,511,train
0,1,512,train
0,1,513,train
0,1,514,train
0,1,515,train
0,1,516,train
0,1,517,train
0,1,518,train
0,1,519,train
0,1,520,train
0,1,521,train
0,1,522,train
0,1,523,test
0,1,524,test
0,1,525,test
0,1,526,test
0,1,527,test
0,1,528,test
0,1,529,test
0,1,530,test
0,1,531,test
0,1,532,test
0,1,533,test
0,1,534,test
0,1,535,test
0,1,536,train
0,1,537,train
0,1,538,train
0,1,539,train
0,1,540,train
0,1,541,train
0,1,542,train
0,1,543,train
0,1,544,train
0,1,545,train
0,1,546,train
0,1,547,train
0,1,548,train
0,1,549,train
0,2,0,train
0,2,1,test
0,2,2,train
0,2,3,train
0,2,4,train
0,2,5,train
0,2,6,train
0,2,7,train
0,2,8,train
0,2,9,train
0,2,10,train
0,2,11,train
0,2,12,train
0,2,13,train
0,2,14,train
0,2,15,train
0,2,16,train
0,2,17,train
0,2,18,train
0,2,19,train
0,2,20,train
0,2,21,train
0,2,22,train
0,2,23,train
0,2,24,train
0,2,25,train
0,2,26,train
0,2,27,train
0,2,28,train
0,2,29,train
0,2,30,train
0,2,31,train
0,2,32,train
0,2,33,train
0,2,34,train
0,2,35,train
0,2,36,train
0,2,37,train
0,2,38,train
0,2,39,train
0,2,40,train
0,2,41,train
0,2,42,train
0,2,43,train
0,2,44,train
0,2,45,train
0,2,46,train
0,2,47,train
0,2,48,train
0,2,49,train
0,2,50,train
0,2,51,train
0,2,52,train
0,2,53,train
0,2,54,train
0,2,55,train
0,2,56,train
0,2,57,train
0,2,58,train
0,2,59,train
0,2,60,train
0,2,61,train
0,2,62,train
0,2,63,train
0,2,64,train
0,2,65,train
0,2,66,train
0,2,67,train
0,2,68,train
0,2,69,train
0,2,70,train
0,2,71,train
0,2,72,train
0,2,73,train
0,2,74,train
0,2,75,train
0,2,76,train
0,2,77,train
0,2,78,train
0,2,79,train
0,2,80,train
0,2,81,train
0,2,82,train
0,2,83,train
0,2,84,train
0,2,85,train
0,2,86,train
0,2,87,train
0,2,88,train
0,2,89,train
0,2,90,train
0,2,91,train
0,2,92,train
0,2,93,train
0,2,94,train
0,2,95,train
0,2,96,test
0,2,97,test
0,2,98,test
0,2,99,test
0,2,100,test
0,2,101,test
0,2,102,test
0,2,103,test
0,2,104,train
0,2,105,train
0,2,106,train
0,2,107,train
0,2,108,train
0,2,109,train
0,2,110,train
0,2,111,train
0,2,112,train
0,2,113,train
0,2,114,train
0,2,115,train
0,2,116,train
0,2,117,train
0,2,118,train
0,2,119,train
0,2,120,train
0,2,121,train
0,2,122,train
0,2,123,train
0,2,124,train
0,2,125,train
0,2,126,train
0,2,127,train
0,2,128,train
0,2,129,train
0,2,130,train
0,2,131,test
0,2,132,test
0,2,133,test
0,2,134,test
0,2,135,test
0,2,136,test
0,2,137,test
0,2,138,test
0,2,139,test
0,2,140,test
0,2,141,train
0,2,142,train
0,2,143,train
0,2,144,train
0,2,145,train
0,2,146,test
0,2,147,test
0,2,148,test
0,2,149,test
0,2,150,test
0,2,151,test
0,2,152,test
0,2,153,test
0,2,154,test
0,2,155,train
0,2,156,train
0,2,157,train
0,2,158,train
0,2,159,train
0,2,160,train
0,2,161,train
0,2,162,train
0,2,163,train
0,2,164,train
0,2,165,train
0,2,166,test
0,2,167,train
0,2,168,train
0,2,169,train
0,2,170,train
0,2,171,train
0,2,172,train
0,2,173,train
0,2,174,train
0,2,175,train
0,2,176,train
0,2,177,train
0,2,178,train
0,2,179,train
0,2,180,train
0,2,181,test
0,2,182,test
0,2,183,test
0,2,184,test
0,2,185,test
0,2,186,train
0,2,187,train
0,2,188,train
0,2,189,train
0,2,190,train
0,2,191,train
0,2,192,train
0,2,193,train
0,2,194,train
0,2,195,train
0,2,196,train
0,2,197,train
0,2,198,train
0,2,199,train
0,2,200,train
0,2,201,test
0,2,202,test
0,2,203,test
0,2,204,test
0,2,205,test
0,2,206,test
0,2,207,test
0,2,208,test
0,2,209,test
0,2,210,test
0,2,211,test
0,2,212,test
0,2,213,test
0,2,214,test
0,2,215,test
0,2,216,test
0,2,217,test
0,2,218,test
0,2,219,test
0,2,220,test
0,2,221,test
0,2,222,test
0,2,223,test
0,2,224,test
0,2,225,test
0,2,226,test
0,2,227,test
0,2,228,test
0,2,229,test
0,2,230,test
0,2,231,test
0,2,232,test
0,2,233,test
0,2,234,test
0,2,235,test
0,2,236,test
0,2,237,test
0,2,238,test
0,2,239,test
0,2,240,test
0,2,241,test
0,2,242,test
0,2,243,test
0,2,244,train
0,2,245,train
0,2,246,train
0,2,247,train
0,2,248,val
0,2,249,val
0,2,250,val
0,2,251,val
0,2,252,val
0,2,253,val
0,2,254,val
0,2,255,test
0,2,256,test
0,2,257,test
0,2,258,test
0,2,259,test
0,2,260,test
0,2,261,test
0,2,262,test
0,2,263,test
0,2,264,test
0,2,265,test
0,2,266,test
0,2,267,test
0,2,268,test
0,2,269,test
0,2,270,val
0,2,271,val
0,2,272,val
0,2,273,val
0,2,274,val
0,2,275,val
0,2,276,val
0,2,277,val
0,2,278,val
0,2,279,val
0,2,280,val
0,2,281,train
0,2,282,train
0,2,283,train
0,2,284,train
0,2,285,train
0,2,286,train
0,2,287,train
0,2,288,train
0,2,289,train
0,2,290,train
0,2,291,train
0,2,292,train
0,2,293,train
0,2,294,train
0,2,295,train
0,2,296,train
0,2,297,train
0,2,298,train
0,2,299,train
0,2,300,train
0,2,301,train
0,2,302,train
0,2,303,train
0,2,304,train
0,2,305,train
0,2,306,val
0,2,307,train
0,2,308,test
0,2,309,train
0,2,310,train
0,2,311,train
0,2,312,train
0,2,313,train
0,2,314,train
0,2,315,test
0,2,316,test
0,2,317,test
0,2,318,test
0,2,319,test
0,2,320,test
0,2,321,test
0,2,322,test
0,2,323,test
0,2,324,test
0,2,325,test
0,2,326,test
0,2,327,test
0,2,328,test
0,2,329,test
0,2,330,test
0,2,331,test
0,2,332,test
0,2,333,test
0,2,334,test
0,2,335,test
0,2,336,test
0,2,337,test
0,2,338,test
0,2,339,test
0,2,340,test
0,2,341,test
0,2,342,test
0,2,343,test
0,2,344,test
0,2,345,test
0,2,346,test
0,2,347,test
0,2,348,test
0,2,349,test
0,2,350,test
0,2,351,test
0,2,352,test
0,2,353,test
0,2,354,test
0,2,355,test
0,2,356,test
0,2,357,test
0,2,358,test
0,2,359,test
0,2,360,test
0,2,361,test
0,2,362,test
0,2,363,test
0,2,364,test
0,2,365,test
0,2,366,test
0,2,367,test
0,2,368,test
0,2,369,test
0,2,370,test
0,2,371,test
0,2,372,test
0,2,373,test
0,2,374,test
0,2,375,test
0,2,376,test
0,2,377,test
0,2,378,test
0,2,379,test
0,2,380,test
0,2,381,test
0,2,382,test
0,2,383,test
0,2,384,test
0,2,385,test
0,2,386,test
0,2,387,test
0,2,388,test
0,2,389,test
0,2,390,test
0,2,391,test
0,2,392,test
0,2,393,test
0,2,394,test
0,2,395,test
0,2,396,test
0,2,397,test
0,2,398,test
0,2,399,test
0,2,400,test
0,2,401,test
0,2,402,test
0,2,403,test
0,2,404,train
0,2,405,train
0,2,406,train
0,2,407,val
0,2,408,train
0,2,409,train
0,2,410,train
0,2,411,train
0,2,412,train
0,2,413,train
0,2,414,train
0,2,415,train
0,2,416,train
0,2,417,train
0,2,418,train
0,2,419,train
0,2,420,train
0,2,421,train
0,2,422,train
0,2,423,train
0,2,424,train
0,2,425,train
0,2,426,train
0,2,427,train
0,2,428,train
0,2,429,train
0,2,430,train
0,2,431,train
0,2,432,train
0,2,433,train
0,2,434,train
0,2,435,train
0,2,436,train
0,2,437,train
0,2,438,train
0,2,439,train
0,2,440,train
0,2,441,train
0,2,442,train
0,2,443,train
0,2,444,train
0,2,445,train
0,2,446,train
0,2,447,train
0,2,448,test
0,2,449,test
0,2,450,test
0,2,451,test
0,2,452,test
0,2,453,test
0,2,454,test
0,2,455,test
0,2,456,test
0,2,457,test
0,2,458,test
0,2,459,train
0,2,460,train
0,2,461,train
0,2,462,train
0,2,463,train
0,2,464,train
0,2,465,train
0,2,466,train
0,2,467,test
0,2,468,test
0,2,469,test
0,2,470,test
0,2,471,test
0,2,472,train
0,2,473,train
0,2,474,test
0,2,475,test
0,2,476,test
0,2,477,test
0,2,478,test
0,2,479,test
0,2,480,test
0,2,481,test
0,2,482,test
0,2,483,test
0,2,484,test
0,2,485,test
0,2,486,test
0,2,487,test
0,2,488,test
0,2,489,test
0,2,490,test
0,2,491,test
0,2,492,test
0,2,493,test
0,2,494,test
0,2,495,test
0,2,496,test
0,2,497,test
0,2,498,test
0,2,499,test
0,2,500,test
0,2,501,test
0,2,502,test
0,2,503,test
0,2,504,test
0,2,505,test
0,2,506,test
0,2,507,test
0,2,508,test
0,2,509,test
0,2,510,test
0,2,511,test
0,2,512,test
0,2,513,test
0,2,514,test
0,2,515,test
0,2,516,test
0,2,517,test
0,2,518,test
0,2,519,test
0,2,520,test
0,2,521,test
0,2,522,test
0,2,523,train
0,2,524,train
0,2,525,train
0,2,526,train
0,2,527,train
0,2,528,val
0,2,529,val
0,2,530,val
0,2,531,val
0,2,532,val
0,2,533,val
0,2,534,val
0,2,535,val
0,2,536,train
0,2,537,train
0,2,538,train
0,2,539,train
0,2,540,train
0,2,541,train
0,2,542,train
0,2,543,train
0,2,544,train
0,2,545,train
0,2,546,train
0,2,547,train
0,2,548,train
0,2,549,train
0,3,0,train
0,3,1,train
0,3,2,test
0,3,3,test
0,3,4,test
0,3,5,test
0,3,6,test
0,3,7,test
0,3,8,test
0,3,9,test
0,3,10,test
0,3,11,test
0,3,12,test
0,3,13,test
0,3,14,test
0,3,15,test
0,3,16,test
0,3,17,test
0,3,18,test
0,3,19,test
0,3,20,test
0,3,21,test
0,3,22,test
0,3,23,test
0,3,24,test
0,3,25,test
0,3,26,test
0,3,27,test
0,3,28,test
0,3,29,test
0,3,30,test
0,3,31,test
0,3,32,train
0,3,33,train
0,3,34,train
0,3,35,train
0,3,36,train
0,3,37,train
0,3,38,train
0,3,39,test
0,3,40,train
0,3,41,train
0,3,42,train
0,3,43,train
0,3,44,train
0,3,45,train
0,3,46,train
0,3,47,train
0,3,48,train
0,3,49,train
0,3,50,train
0,3,51,train
0,3,52,train
0,3,53,train
0,3,54,train
0,3,55,train
0,3,56,train
0,3,57,train
0,3,58,train
0,3,59,train
0,3,60,train
0,3,61,train
0,3,62,train
0,3,63,train
0,3,64,train
0,3,65,train
0,3,66,train
0,3,67,train
0,3,68,train
0,3,69,train
0,3,70,train
0,3,71,train
0,3,72,train
0,3,73,train
0,3,74,train
0,3,75,train
0,3,76,train
0,3,77,train
0,3,78,train
0,3,79,train
0,3,80,train
0,3,81,train
0,3,82,train
0,3,83,train
0,3,84,train
0,3,85,train
0,3,86,train
0,3,87,train
0,3,88,train
0,3,89,train
0,3,90,train
0,3,91,train
0,3,92,train
0,3,93,train
0,3,94,train
0,3,95,train
0,3,96,train
0,3,97,train
0,3,98,train
0,3,99,train
0,3,100,train
0,3,101,train
0,3,102,train
0,3,103,train
0,3,104,test
0,3,105,test
0,3,106,test
0,3,107,train
0,3,108,train
0,3,109,train
0,3,110,train
0,3,111,train
0,3,112,train
0,3,113,train
0,3,114,train
0,3,115,train
0,3,116,train
0,3,117,train
0,3,118,train
0,3,119,test
0,3,120,test
0,3,121,test
0,3,122,test
0,3,123,test
0,3,124,test
0,3,125,test
0,3,126,test
0,3,127,test
0,3,128,test
0,3,129,test
0,3,130,test
0,3,131,val
0,3,132,val
0,3,133,val
0,3,134,val
0,3,135,val
0,3,136,val
0,3,137,val
0,3,138,val
0,3,139,val
0,3,140,val
0,3,141,train
0,3,142,train
0,3,143,train
0,3,144,train
0,3,145,train
0,3,146,train
0,3,147,train
0,3,148,train
0,3,149,train
0,3,150,train
0,3,151,train
0,3,152,train
0,3,153,train
0,3,154,val
0,3,155,val
0,3,156,val
0,3,157,val
0,3,158,val
0,3,159,val
0,3,160,val
0,3,161,val
0,3,162,train
0,3,163,train
0,3,164,train
0,3,165,test
0,3,166,train
0,3,167,test
0,3,168,test
0,3,169,test
0,3,170,test
0,3,171,test
0,3,172,test
0,3,173,test
0,3,174,test
0,3,175,test
0,3,176,test
0,3,177,test
0,3,178,test
0,3,179,test
0,3,180,test
0,3,181,train
0,3,182,train
0,3,183,train
0,3,184,train
0,3,185,train
0,3,186,test
0,3,187,train
0,3,188,train
0,3,189,train
0,3,190,train
0,3,191,train
0,3,192,train
0,3,193,train
0,3,194,train
0,3,195,train
0,3,196,train
0,3,197,train
0,3,198,train
0,3,199,train
0,3,200,train
0,3,201,train
0,3,202,train
0,3,203,train
0,3,204,train
0,3,205,train
0,3,206,train
0,3,207,train
0,3,208,train
0,3,209,train
0,3,210,train
0,3,211,train
0,3,212,train
0,3,213,train
0,3,214,train
0,3,215,train
0,3,216,train
0,3,217,train
0,3,218,train
0,3,219,train
0,3,220,train
0,3,221,train
0,3,222,train
0,3,223,train
0,3,224,train
0,3,225,train
0,3,226,train
0,3,227,train
0,3,228,train
0,3,229,train
0,3,230,train
0,3,231,train
0,3,232,train
0,3,233,train
0,3,234,train
0,3,235,train
0,3,236,train
0,3,237,train
0,3,238,train
0,3,239,train
0,3,240,train
0,3,241,train
0,3,242,train
0,3,243,train
0,3,244,train
0,3,245,train
0,3,246,train
0,3,247,train
0,3,248,train
0,3,249,train
0,3,250,train
0,3,251,train
0,3,252,train
0,3,253,train
0,3,254,train
0,3,255,val
0,3,256,val
0,3,257,val
0,3,258,val
0,3,259,val
0,3,260,val
0,3,261,val
0,3,262,train
0,3,263,train
0,3,264,train
0,3,265,train
0,3,266,train
0,3,267,train
0,3,268,train
0,3,269,train
0,3,270,train
0,3,271,train
0,3,272,train
0,3,273,train
0,3,274,train
0,3,275,train
0,3,276,train
0,3,277,train
0,3,278,train
0,3,279,train
0,3,280,train
0,3,281,test
0,3,282,test
0,3,283,test
0,3,284,test
0,3,285,test
0,3,286,test
0,3,287,test
0,3,288,test
0,3,289,test
0,3,290,test
0,3,291,test
0,3,292,test
0,3,293,test
0,3,294,test
0,3,295,test
0,3,296,test
0,3,297,test
0,3,298,test
0,3,299,test
0,3,300,test
0,3,301,test
0,3,302,test
0,3,303,test
0,3,304,test
0,3,305,test
0,3,306,train
0,3,307,train
0,3,308,train
0,3,309,test
0,3,310,test
0,3,311,test
0,3,312,test
0,3,313,test
0,3,314,test
0,3,315,train
0,3,316,train
0,3,317,train
0,3,318,train
0,3,319,train
0,3,320,train
0,3,321,train
0,3,322,train
0,3,323,train
0,3,324,train
0,3,325,train
0,3,326,train
0,3,327,train
0,3,328,train
0,3,329,train
0,3,330,train
0,3,331,train
0,3,332,train
0,3,333,train
0,3,334,train
0,3,335,train
0,3,336,train
0,3,337,train
0,3,338,train
0,3,339,train
0,3,340,train
0,3,341,train
0,3,342,train
0,3,343,train
0,3,344,train
0,3,345,train
0,3,346,train
0,3,347,train
0,3,348,train
0,3,349,train
0,3,350,train
0,3,351,train
0,3,352,train
0,3,353,train
0,3,354,train
0,3,355,train
0,3,356,train
0,3,357,train
0,3,358,train
0,3,359,train
0,3,360,train
0,3,361,train
0,3,362,train
0,3,363,train
0,3,364,train
0,3,365,train
0,3,366,train
0,3,367,train
0,3,368,train
0,3,369,train
0,3,370,train
0,3,371,train
0,3,372,train
0,3,373,train
0,3,374,train
0,3,375,train
0,3,376,train
0,3,377,train
0,3,378,train
0,3,379,train
0,3,380,train
0,3,381,train
0,3,382,train
0,3,383,train
0,3,384,train
0,3,385,train
0,3,386,train
0,3,387,train
0,3,388,train
0,3,389,train
0,3,390,train
0,3,391,train
0,3,392,train
0,3,393,train
0,3,394,train
0,3,395,train
0,3,396,train
0,3,397,train
0,3,398,train
0,3,399,train
0,3,400,train
0,3,401,train
0,3,402,train
0,3,403,train
0,3,404,train
0,3,405,train
0,3,406,test
0,3,407,train
0,3,408,test
0,3,409,test
0,3,410,test
0,3,411,test
0,3,412,test
0,3,413,test
0,3,414,test
0,3,415,test
0,3,416,test
0,3,417,test
0,3,418,test
0,3,419,test
0,3,420,test
0,3,421,test
0,3,422,test
0,3,423,test
0,3,424,test
0,3,425,test
0,3,426,test
0,3,427,test
0,3,428,test
0,3,429,test
0,3,430,val
0,3,431,val
0,3,432,val
0,3,433,val
0,3,434,val
0,3,435,val
0,3,436,val
0,3,437,val
0,3,438,val
0,3,439,train
0,3,440,train
0,3,441,train
0,3,442,train
0,3,443,train
0,3,444,train
0,3,445,train
0,3,446,train
0,3,447,train
0,3,448,train
0,3,449,train
0,3,450,train
0,3,451,train
0,3,452,train
0,3,453,train
0,3,454,train
0,3,455,train
0,3,456,train
0,3,457,train
0,3,458,train
0,3,459,train
0,3,460,train
0,3,461,train
0,3,462,train
0,3,463,train
0,3,464,train
0,3,465,train
0,3,466,train
0,3,467,train
0,3,468,train
0,3,469,train
0,3,470,train
0,3,471,train
0,3,472,train
0,3,473,train
0,3,474,train
0,3,475,train
0,3,476,train
0,3,477,train
0,3,478,train
0,3,479,train
0,3,480,train
0,3,481,train
0,3,482,train
0,3,483,train
0,3,484,train
0,3,485,train
0,3,486,train
0,3,487,train
0,3,488,train
0,3,489,train
0,3,490,train
0,3,491,train
0,3,492,train
0,3,493,train
0,3,494,train
0,3,495,train
0,3,496,train
0,3,497,train
0,3,498,train
0,3,499,train
0,3,500,train
0,3,501,train
0,3,502,train
0,3,503,train
0,3,504,train
0,3,505,train
0,3,506,train
0,3,507,train
0,3,508,train
0,3,509,train
0,3,510,train
0,3,511,train
0,3,512,train
0,3,513,train
0,3,514,train
0,3,515,train
0,3,516,train
0,3,517,train
0,3,518,train
0,3,519,train
0,3,520,train
0,3,521,train
0,3,522,train
0,3,523,train
0,3,524,train
0,3,525,train
0,3,526,train
0,3,527,train
0,3,528,train
0,3,529,train
0,3,530,train
0,3,531,train
0,3,532,train
0,3,533,train
0,3,534,train
0,3,535,train
0,3,536,test
0,3,537,test
0,3,538,test
0,3,539,test
0,3,540,test
0,3,541,test
0,3,542,test
0,3,543,test
0,3,544,test
0,3,545,test
0,3,546,test
0,3,547,train
0,3,548,train
0,3,549,test
1,0,0,train
1,0,1,train
1,0,2,train
1,0,3,train
1,0,4,train
1,0,5,train
1,0,6,train
1,0,7,train
1,0,8,train
1,0,9,train
1,0,10,train
1,0,11,train
1,0,12,train
1,0,13,train
1,0,14,train
1,0,15,train
1,0,16,train
1,0,17,train
1,0,18,train
1,0,19,train
1,0,20,train
1,0,21,train
1,0,22,train
1,0,23,train
1,0,24,train
1,0,25,train
1,0,26,train
1,0,27,train
1,0,28,train
1,0,29,train
1,0,30,train
1,0,31,train
1,0,32,test
1,0,33,test
1,0,34,test
1,0,35,test
1,0,36,test
1,0,37,test
1,0,38,test
1,0,39,train
1,0,40,train
1,0,41,train
1,0,42,train
1,0,43,train
1,0,44,train
1,0,45,train
1,0,46,train
1,0,47,train
1,0,48,train
1,0,49,train
1,0,50,train
1,0,51,train
1,0,52,train
1,0,53,train
1,0,54,train
1,0,55,train
1,0,56,train
1,0,57,train
1,0,58,train
1,0,59,train
1,0,60,train
1,0,61,train
1,0,62,train
1,0,63,train
1,0,64,train
1,0,65,train
1,0,66,train
1,0,67,train
1,0,68,train
1,0,69,train
1,0,70,train
1,0,71,train
1,0,72,train
1,0,73,train
1,0,74,train
1,0,75,train
1,0,76,train
1,0,77,train
1,0,78,train
1,0,79,train
1,0,80,train
1,0,81,train
1,0,82,train
1,0,83,train
1,0,84,train
1,0,85,train
1,0,86,train
1,0,87,train
1,0,88,train
1,0,89,train
1,0,90,train
1,0,91,train
1,0,92,train
1,0,93,train
1,0,94,train
1,0,95,train
1,0,96,train
1,0,97,train
1,0,98,train
1,0,99,train
1,0,100,train
1,0,101,train
1,0,102,train
1,0,103,train
1,0,104,train
1,0,105,train
1,0,106,train
1,0,107,train
1,0,108,train
1,0,109,train
1,0,110,train
1,0,111,train
1,0,112,train
1,0,113,train
1,0,114,train
1,0,115,train
1,0,116,train
1,0,117,train
1,0,118,train
1,0,119,train
1,0,120,train
1,0,121,train
1,0,122,train
1,0,123,train
1,0,124,train
1,0,125,train
1,0,126,train
1,0,127,train
1,0,128,train
1,0,129,train
1,0,130,train
1,0,131,test
1,0,132,test
1,0,133,test
1,0,134,test
1,0,135,test
1,0,136,test
1,0,137,test
1,0,138,test
1,0,139,test
1,0,140,test
1,0,141,test
1,0,142,test
1,0,143,test
1,0,144,test
1,0,145,train
1,0,146,test
1,0,147,test
1,0,148,test
1,0,149,test
1,0,150,test
1,0,151,test
1,0,152,test
1,0,153,test
1,0,154,val
1,0,155,train
1,0,156,train
1,0,157,train
1,0,158,train
1,0,159,train
1,0,160,train
1,0,161,train
1,0,162,train
1,0,163,train
1,0,164,train
1,0,165,train
1,0,166,test
1,0,167,train
1,0,168,test
1,0,169,test
1,0,170,test
1,0,171,test
1,0,172,test
1,0,173,train
1,0,174,train
1,0,175,train
1,0,176,train
1,0,177,train
1,0,178,train
1,0,179,train
1,0,180,train
1,0,181,train
1,0,182,train
1,0,183,train
1,0,184,train
1,0,185,train
1,0,186,train
1,0,187,train
1,0,188,train
1,0,189,train
1,0,190,train
1,0,191,train
1,0,192,train
1,0,193,train
1,0,194,train
1,0,195,train
1,0,196,train
1,0,197,train
1,0,198,train
1,0,199,train
1,0,200,train
1,0,201,train
1,0,202,train
1,0,203,train
1,0,204,train
1,0,205,train
1,0,206,train
1,0,207,train
1,0,208,train
1,0,209,train
1,0,210,train
1,0,211,train
1,0,212,train
1,0,213,train
1,0,214,train
1,0,215,train
1,0,216,train
1,0,217,train
1,0,218,train
1,0,219,train
1,0,220,train
1,0,221,train
1,0,222,train
1,0,223,train
1,0,224,train
1,0,225,train
1,0,226,train
1,0,227,train
1,0,228,train
1,0,229,train
1,0,230,train
1,0,231,train
1,0,232,train
1,0,233,train
1,0,234,train
1,0,235,train
1,0,236,train
1,0,237,train
1,0,238,train
1,0,239,train
1,0,240,train
1,0,241,train
1,0,242,train
1,0,243,train
1,0,244,test
1,0,245,test
1,0,246,test
1,0,247,test
1,0,248,train
1,0,249,train
1,0,250,train
1,0,251,train
1,0,252,train
1,0,253,train
1,0,254,train
1,0,255,train
1,0,256,train
1,0,257,train
1,0,258,train
1,0,259,train
1,0,260,train
1,0,261,train
1,0,262,val
1,0,263,val
1,0,264,val
1,0,265,val
1,0,266,val
1,0,267,val
1,0,268,val
1,0,269,val
1,0,270,train
1,0,271,train
1,0,272,train
1,0,273,train
1,0,274,train
1,0,275,train
1,0,276,train
1,0,277,train
1,0,278,train
1,0,279,train
1,0,280,train
1,0,281,val
1,0,282,val
1,0,283,val
1,0,284,val
1,0,285,val
1,0,286,val
1,0,287,val
1,0,288,val
1,0,289,val
1,0,290,val
1,0,291,val
1,0,292,val
1,0,293,val
1,0,294,val
1,0,295,val
1,0,296,val
1,0,297,val
1,0,298,val
1,0,299,val
1,0,300,val
1,0,301,val
1,0,302,val
1,0,303,train
1,0,304,train
1,0,305,train
1,0,306,train
1,0,307,train
1,0,308,test
1,0,309,train
1,0,310,train
1,0,311,train
1,0,312,train
1,0,313,train
1,0,314,train
1,0,315,train
1,0,316,train
1,0,317,train
1,0,318,train
1,0,319,train
1,0,320,train
1,0,321,train
1,0,322,train
1,0,323,train
1,0,324,train
1,0,325,train
1,0,326,train
1,0,327,train
1,0,328,train
1,0,329,train
1,0,330,train
1,0,331,train
1,0,332,train
1,0,333,train
1,0,334,train
1,0,335,train
1,0,336,train
1,0,337,train
1,0,338,train
1,0,339,train
1,0,340,train
1,0,341,train
1,0,342,train
1,0,343,train
1,0,344,train
1,0,345,train
1,0,346,train
1,0,347,train
1,0,348,train
1,0,349,train
1,0,350,train
1,0,351,train
1,0,352,train
1,0,353,train
1,0,354,train
1,0,355,train
1,0,356,train
1,0,357,train
1,0,358,train
1,0,359,train
1,0,360,train
1,0,361,train
1,0,362,train
1,0,363,train
1,0,364,train
1,0,365,train
1,0,366,train
1,0,367,train
1,0,368,train
1,0,369,train
1,0,370,train
1,0,371,train
1,0,372,train
1,0,373,train
1,0,374,train
1,0,375,train
1,0,376,train
1,0,377,train
1,0,378,train
1,0,379,train
1,0,380,train
1,0,381,train
1,0,382,train
1,0,383,train
1,0,384,train
1,0,385,train
1,0,386,train
1,0,387,train
1,0,388,train
1,0,389,train
1,0,390,train
1,0,391,train
1,0,392,train
1,0,393,train
1,0,394,train
1,0,395,train
1,0,396,train
1,0,397,train
1,0,398,train
1,0,399,train
1,0,400,train
1,0,401,train
1,0,402,train
1,0,403,train
1,0,404,train
1,0,405,train
1,0,406,train
1,0,407,train
1,0,408,val
1,0,409,train
1,0,410,train
1,0,411,train
1,0,412,train
1,0,413,train
1,0,414,train
1,0,415,train
1,0,416,train
1,0,417,train
1,0,418,train
1,0,419,train
1,0,420,train
1,0,421,train
1,0,422,train
1,0,423,train
1,0,424,train
1,0,425,train
1,0,426,train
1,0,427,train
1,0,428,train
1,0,429,train
1,0,430,val
1,0,431,val
1,0,432,val
1,0,433,val
1,0,434,val
1,0,435,val
1,0,436,val
1,0,437,val
1,0,438,val
1,0,439,train
1,0,440,train
1,0,441,train
1,0,442,train
1,0,443,train
1,0,444,train
1,0,445,train
1,0,446,train
1,0,447,train
1,0,448,train
1,0,449,train
1,0,450,train
1,0,451,train
1,0,452,train
1,0,453,train
1,0,454,train
1,0,455,train
1,0,456,train
1,0,457,train
1,0,458,train
1,0,459,test
1,0,460,test
1,0,461,test
1,0,462,test
1,0,463,test
1,0,464,test
1,0,465,test
1,0,466,test
1,0,467,train
1,0,468,train
1,0,469,train
1,0,470,train
1,0,471,train
1,0,472,test
1,0,473,test
1,0,474,train
1,0,475,train
1,0,476,train
1,0,477,train
1,0,478,train
1,0,479,train
1,0,480,train
1,0,481,train
1,0,482,train
1,0,483,train
1,0,484,train
1,0,485,train
1,0,486,train
1,0,487,train
1,0,488,train
1,0,489,train
1,0,490,train
1,0,491,train
1,0,492,train
1,0,493,train
1,0,494,train
1,0,495,train
1,0,496,train
1,0,497,train
1,0,498,train
1,0,499,train
1,0,500,train
1,0,501,train
1,0,502,train
1,0,503,train
1,0,504,train
1,0,505,train
1,0,506,train
1,0,507,train
1,0,508,train
1,0,509,train
1,0,510,train
1,0,511,train
1,0,512,train
1,0,513,train
1,0,514,train
1,0,515,train
1,0,516,train
1,0,517,train
1,0,518,train
1,0,519,train
1,0,520,train
1,0,521,train
1,0,522,train
1,0,523,test
1,0,524,test
1,0,525,test
1,0,526,test
1,0,527,test
1,0,528,train
1,0,529,train
1,0,530,train
1,0,531,train
1,0,532,train
1,0,533,train
1,0,534,train
1,0,535,train
1,0,536,train
1,0,537,train
1,0,538,train
1,0,539,train
1,0,540,train
1,0,541,train
1,0,542,train
1,0,543,train
1,0,544,train
1,0,545,train
1,0,546,train
1,0,547,val
1,0,548,train
1,0,549,train
1,1,0,train
1,1,1,train
1,1,2,train
1,1,3,train
1,1,4,train
1,1,5,train
1,1,6,train
1,1,7,train
1,1,8,train
1,1,9,train
1,1,10,train
1,1,11,train
1,1,12,train
1,1,13,train
1,1,14,train
1,1,15,train
1,1,16,train
1,1,17,train
1,1,18,train
1,1,19,train
1,1,20,train
1,1,21,train
1,1,22,train
1,1,23,train
1,1,24,train
1,1,25,train
1,1,26,train
1,1,27,train
1,1,28,train
1,1,29,train
1,1,30,train
1,1,31,train
1,1,32,train
1,1,33,train
1,1,34,train
1,1,35,train
1,1,36,train
1,1,37,train
1,1,38,train
1,1,39,test
1,1,40,train
1,1,41,train
1,1,42,train
1,1,43,train
1,1,44,train
1,1,45,train
1,1,46,train
1,1,47,train
1,1,48,train
1,1,49,train
1,1,50,train
1,1,51,train
1,1,52,train
1,1,53,train
1,1,54,train
1,1,55,train
1,1,56,train
1,1,57,test
1,1,58,test
1,1,59,test
1,1,60,test
1,1,61,test
1,1,62,test
1,1,63,test
1,1,64,test
1,1,65,test
1,1,66,test
1,1,67,test
1,1,68,test
1,1,69,test
1,1,70,test
1,1,71,test
1,1,72,test
1,1,73,test
1,1,74,test
1,1,75,test
1,1,76,test
1,1,77,test
1,1,78,test
1,1,79,test
1,1,80,test
1,1,81,test
1,1,82,test
1,1,83,test
1,1,84,test
1,1,85,test
1,1,86,test
1,1,87,test
1,1,88,test
1,1,89,test
1,1,90,test
1,1,91,test
1,1,92,test
1,1,93,test
1,1,94,test
1,1,95,test
1,1,96,train
1,1,97,train
1,1,98,train
1,1,99,train
1,1,100,train
1,1,101,train
1,1,102,train
1,1,103,train
1,1,104,test
1,1,105,test
1,1,106,test
1,1,107,train
1,1,108,train
1,1,109,train
1,1,110,train
1,1,111,train
1,1,112,train
1,1,113,train
1,1,114,train
1,1,115,train
1,1,116,train
1,1,117,train
1,1,118,train
1,1,119,test
1,1,120,test
1,1,121,test
1,1,122,test
1,1,123,test
1,1,124,test
1,1,125,test
1,1,126,test
1,1,127,test
1,1,128,test
1,1,129,test
1,1,130,test
1,1,131,train
1,1,132,train
1,1,133,train
1,1,134,train
1,1,135,train
1,1,136,train
1,1,137,train
1,1,138,train
1,1,139,train
1,1,140,train
1,1,141,val
1,1,142,val
1,1,143,val
1,1,144,val
1,1,145,test
1,1,146,train
1,1,147,train
1,1,148,train
1,1,149,train
1,1,150,train
1,1,151,train
1,1,152,train
1,1,153,train
1,1,154,train
1,1,155,test
1,1,156,test
1,1,157,test
1,1,158,test
1,1,159,test
1,1,160,test
1,1,161,test
1,1,162,train
1,1,163,train
1,1,164,train
1,1,165,train
1,1,166,train
1,1,167,test
1,1,168,train
1,1,169,train
1,1,170,train
1,1,171,train
1,1,172,train
1,1,173,train
1,1,174,train
1,1,175,train
1,1,176,train
1,1,177,train
1,1,178,train
1,1,179,train
1,1,180,train
1,1,181,test
1,1,182,test
1,1,183,test
1,1,184,test
1,1,185,test
1,1,186,test
1,1,187,train
1,1,188,train
1,1,189,train
1,1,190,train
1,1,191,train
1,1,192,train
1,1,193,train
1,1,194,train
1,1,195,train
1,1,196,train
1,1,197,train
1,1,198,train
1,1,199,train
1,1,200,train
1,1,201,train
1,1,202,train
1,1,203,train
1,1,204,train
1,1,205,train
1,1,206,train
1,1,207,train
1,1,208,train
1,1,209,train
1,1,210,train
1,1,211,train
1,1,212,train
1,1,213,train
1,1,214,train
1,1,215,train
1,1,216,train
1,1,217,train
1,1,218,train
1,1,219,train
1,1,220,train
1,1,221,train
1,1,222,train
1,1,223,train
1,1,224,train
1,1,225,train
1,1,226,train
1,1,227,train
1,1,228,train
1,1,229,train
1,1,230,train
1,1,231,train
1,1,232,train
1,1,233,train
1,1,234,train
1,1,235,train
1,1,236,train
1,1,237,train
1,1,238,train
1,1,239,train
1,1,240,train
1,1,241,train
1,1,242,train
1,1,243,test
1,1,244,val
1,1,245,val
1,1,246,val
1,1,247,val
1,1,248,train
1,1,249,train
1,1,250,train
1,1,251,train
1,1,252,val
1,1,253,val
1,1,254,val
1,1,255,train
1,1,256,train
1,1,257,train
1,1,258,train
1,1,259,train
1,1,260,train
1,1,261,train
1,1,262,train
1,1,263,train
1,1,264,train
1,1,265,train
1,1,266,train
1,1,267,train
1,1,268,train
1,1,269,train
1,1,270,test
1,1,271,test
1,1,272,test
1,1,273,test
1,1,274,test
1,1,275,test
1,1,276,test
1,1,277,test
1,1,278,test
1,1,279,test
1,1,280,test
1,1,281,val
1,1,282,val
1,1,283,val
1,1,284,val
1,1,285,val
1,1,286,val
1,1,287,val
1,1,288,val
1,1,289,val
1,1,290,val
1,1,291,val
1,1,292,val
1,1,293,val
1,1,294,val
1,1,295,val
1,1,296,val
1,1,297,val
1,1,298,val
1,1,299,val
1,1,300,val
1,1,301,val
1,1,302,val
1,1,303,train
1,1,304,train
1,1,305,test
1,1,306,train
1,1,307,test
1,1,308,train
1,1,309,train
1,1,310,train
1,1,311,train
1,1,312,train
1,1,313,train
1,1,314,train
1,1,315,train
1,1,316,train
1,1,317,train
1,1,318,train
1,1,319,train
1,1,320,train
1,1,321,train
1,1,322,train
1,1,323,train
1,1,324,train
1,1,325,train
1,1,326,train
1,1,327,train
1,1,328,train
1,1,329,train
1,1,330,train
1,1,331,train
1,1,332,train
1,1,333,train
1,1,334,train
1,1,335,train
1,1,336,train
1,1,337,train
1,1,338,train
1,1,339,train
1,1,340,train
1,1,341,train
1,1,342,train
1,1,343,train
1,1,344,train
1,1,345,train
1,1,346,train
1,1,347,train
1,1,348,train
1,1,349,train
1,1,350,train
1,1,351,train
1,1,352,train
1,1,353,train
1,1,354,train
1,1,355,train
1,1,356,train
1,1,357,train
1,1,358,train
1,1,359,train
1,1,360,train
1,1,361,train
1,1,362,train
1,1,363,train
1,1,364,train
1,1,365,train
1,1,366,train
1,1,367,train
1,1,368,train
1,1,369,train
1,1,370,train
1,1,371,train
1,1,372,train
1,1,373,train
1,1,374,train
1,1,375,train
1,1,376,train
1,1,377,train
1,1,378,train
1,1,379,train
1,1,380,train
1,1,381,train
1,1,382,train
1,1,383,train
1,1,384,train
1,1,385,train
1,1,386,train
1,1,387,train
1,1,388,train
1,1,389,train
1,1,390,train
1,1,391,train
1,1,392,train
1,1,393,train
1,1,394,train
1,1,395,train
1,1,396,train
1,1,397,train
1,1,398,train
1,1,399,train
1,1,400,train
1,1,401,train
1,1,402,train
1,1,403,train
1,1,404,train
1,1,405,train
1,1,406,train
1,1,407,train
1,1,408,train
1,1,409,train
1,1,410,train
1,1,411,train
1,1,412,train
1,1,413,train
1,1,414,train
1,1,415,train
1,1,416,train
1,1,417,train
1,1,418,train
1,1,419,train
1,1,420,train
1,1,421,train
1,1,422,train
1,1,423,train
1,1,424,train
1,1,425,train
1,1,426,train
1,1,427,train
1,1,428,train
1,1,429,train
1,1,430,train
1,1,431,train
1,1,432,train
1,1,433,train
1,1,434,train
1,1,435,train
1,1,436,train
1,1,437,train
1,1,438,train
1,1,439,train
1,1,440,train
1,1,441,train
1,1,442,train
1,1,443,train
1,1,444,train
1,1,445,train
1,1,446,train
1,1,447,train
1,1,448,val
1,1,449,val
1,1,450,val
1,1,451,val
1,1,452,val
1,1,453,val
1,1,454,val
1,1,455,val
1,1,456,val
1,1,457,val
1,1,458,val
1,1,459,train
1,1,460,train
1,1,461,train
1,1,462,train
1,1,463,train
1,1,464,train
1,1,465,train
1,1,466,train
1,1,467,test
1,1,468,test
1,1,469,test
1,1,470,test
1,1,471,test
1,1,472,val
1,1,473,val
1,1,474,train
1,1,475,train
1,1,476,train
1,1,477,train
1,1,478,train
1,1,479,train
1,1,480,train
1,1,481,train
1,1,482,train
1,1,483,train
1,1,484,train
1,1,485,train
1,1,486,train
1,1,487,train
1,1,488,train
1,1,489,train
1,1,490,train
1,1,491,train
1,1,492,train
1,1,493,train
1,1,494,train
1,1,495,train
1,1,496,train
1,1,497,train
1,1,498,train
1,1,499,train
1,1,500,train
1,1,501,train
1,1,502,train
1,1,503,train
1,1,504,train
1,1,505,train
1,1,506,train
1,1,507,train
1,1,508,train
1,1,509,train
1,1,510,train
1,1,511,train
1,1,512,train
1,1,513,train
1,1,514,train
1,1,515,train
1,1,516,train
1,1,517,train
1,1,518,train
1,1,519,train
1,1,520,train
1,1,521,train
1,1,522,train
1,1,523,train
1,1,524,train
1,1,525,train
1,1,526,train
1,1,527,train
1,1,528,test
1,1,529,test
1,1,530,test
1,1,531,test
1,1,532,test
1,1,533,test
1,1,534,test
1,1,535,test
1,1,536,test
1,1,537,test
1,1,538,test
1,1,539,test
1,1,540,test
1,1,541,test
1,1,542,test
1,1,543,test
1,1,544,test
1,1,545,test
1,1,546,test
1,1,547,train
1,1,548,train
1,1,549,test
1,2,0,test
1,2,1,test
1,2,2,train
1,2,3,train
1,2,4,train
1,2,5,train
1,2,6,train
1,2,7,train
1,2,8,train
1,2,9,train
1,2,10,train
1,2,11,train
1,2,12,train
1,2,13,train
1,2,14,train
1,2,15,train
1,2,16,train
1,2,17,train
1,2,18,train
1,2,19,train
1,2,20,train
1,2,21,train
1,2,22,train
1,2,23,train
1,2,24,train
1,2,25,train
1,2,26,train
1,2,27,train
1,2,28,train
1,2,29,train
1,2,30,train
1,2,31,train
1,2,32,train
1,2,33,train
1,2,34,train
1,2,35,train
1,2,36,train
1,2,37,train
1,2,38,train
1,2,39,train
1,2,40,train
1,2,41,train
1,2,42,train
1,2,43,train
1,2,44,train
1,2,45,train
1,2,46,train
1,2,47,train
1,2,48,train
1,2,49,train
1,2,50,train
1,2,51,train
1,2,52,train
1,2,53,val
1,2,54,val
1,2,55,val
1,2,56,val
1,2,57,train
1,2,58,train
1,2,59,train
1,2,60,train
1,2,61,train
1,2,62,train
1,2,63,train
1,2,64,train
1,2,65,train
1,2,66,train
1,2,67,train
1,2,68,train
1,2,69,train
1,2,70,train
1,2,71,train
1,2,72,train
1,2,73,train
1,2,74,train
1,2,75,train
1,2,76,train
1,2,77,train
1,2,78,train
1,2,79,train
1,2,80,train
1,2,81,train
1,2,82,train
1,2,83,train
1,2,84,train
1,2,85,train
1,2,86,train
1,2,87,train
1,2,88,train
1,2,89,train
1,2,90,train
1,2,91,train
1,2,92,train
1,2,93,train
1,2,94,train
1,2,95,train
1,2,96,test
1,2,97,test
1,2,98,test
1,2,99,test
1,2,100,test
1,2,101,test
1,2,102,test
1,2,103,test
1,2,104,train
1,2,105,train
1,2,106,train
1,2,107,val
1,2,108,val
1,2,109,val
1,2,110,val
1,2,111,val
1,2,112,val
1,2,113,val
1,2,114,val
1,2,115,train
1,2,116,train
1,2,117,train
1,2,118,train
1,2,119,train
1,2,120,train
1,2,121,train
1,2,122,train
1,2,123,train
1,2,124,train
1,2,125,train
1,2,126,train
1,2,127,train
1,2,128,train
1,2,129,train
1,2,130,train
1,2,131,train
1,2,132,train
1,2,133,train
1,2,134,train
1,2,135,train
1,2,136,train
1,2,137,train
1,2,138,train
1,2,139,train
1,2,140,train
1,2,141,train
1,2,142,train
1,2,143,train
1,2,144,train
1,2,145,train
1,2,146,val
1,2,147,val
1,2,148,val
1,2,149,val
1,2,150,val
1,2,151,val
1,2,152,val
1,2,153,val
1,2,154,train
1,2,155,train
1,2,156,train
1,2,157,train
1,2,158,train
1,2,159,train
1,2,160,train
1,2,161,train
1,2,162,val
1,2,163,val
1,2,164,val
1,2,165,train
1,2,166,train
1,2,167,train
1,2,168,train
1,2,169,train
1,2,170,train
1,2,171,train
1,2,172,train
1,2,173,train
1,2,174,train
1,2,175,train
1,2,176,train
1,2,177,train
1,2,178,train
1,2,179,train
1,2,180,train
1,2,181,val
1,2,182,val
1,2,183,val
1,2,184,val
1,2,185,val
1,2,186,train
1,2,187,train
1,2,188,train
1,2,189,train
1,2,190,train
1,2,191,train
1,2,192,train
1,2,193,train
1,2,194,train
1,2,195,train
1,2,196,train
1,2,197,train
1,2,198,train
1,2,199,train
1,2,200,train
1,2,201,test
1,2,202,test
1,2,203,test
1,2,204,test
1,2,205,test
1,2,206,test
1,2,207,test
1,2,208,test
1,2,209,test
1,2,210,test
1,2,211,test
1,2,212,test
1,2,213,test
1,2,214,test
1,2,215,test
1,2,216,test
1,2,217,test
1,2,218,test
1,2,219,test
1,2,220,test
1,2,221,test
1,2,222,test
1,2,223,test
1,2,224,test
1,2,225,test
1,2,226,test
1,2,227,test
1,2,228,test
1,2,229,test
1,2,230,test
1,2,231,test
1,2,232,test
1,2,233,test
1,2,234,test
1,2,235,test
1,2,236,test
1,2,237,test
1,2,238,test
1,2,239,test
1,2,240,test
1,2,241,test
1,2,242,test
1,2,243,train
1,2,244,train
1,2,245,train
1,2,246,train
1,2,247,train
1,2,248,train
1,2,249,train
1,2,250,train
1,2,251,train
1,2,252,train
1,2,253,train
1,2,254,train
1,2,255,test
1,2,256,test
1,2,257,test
1,2,258,test
1,2,259,test
1,2,260,test
1,2,261,test
1,2,262,test
1,2,263,test
1,2,264,test
1,2,265,test
1,2,266,test
1,2,267,test
1,2,268,test
1,2,269,test
1,2,270,train
1,2,271,train
1,2,272,train
1,2,273,train
1,2,274,train
1,2,275,train
1,2,276,train
1,2,277,train
1,2,278,train
1,2,279,train
1,2,280,train
1,2,281,test
1,2,282,test
1,2,283,test
1,2,284,test
1,2,285,test
1,2,286,test
1,2,287,test
1,2,288,test
1,2,289,test
1,2,290,test
1,2,291,test
1,2,292,test
1,2,293,test
1,2,294,test
1,2,295,test
1,2,296,test
1,2,297,test
1,2,298,test
1,2,299,test
1,2,300,test
1,2,301,test
1,2,302,test
1,2,303,train
1,2,304,test
1,2,305,train
1,2,306,test
1,2,307,train
1,2,308,train
1,2,309,train
1,2,310,train
1,2,311,train
1,2,312,train
1,2,313,train
1,2,314,train
1,2,315,test
1,2,316,test
1,2,317,test
1,2,318,test
1,2,319,test
1,2,320,test
1,2,321,test
1,2,322,test
1,2,323,test
1,2,324,test
1,2,325,test
1,2,326,test
1,2,327,test
1,2,328,test
1,2,329,test
1,2,330,test
1,2,331,test
1,2,332,test
1,2,333,test
1,2,334,test
1,2,335,test
1,2,336,test
1,2,337,test
1,2,338,test
1,2,339,test
1,2,340,test
1,2,341,test
1,2,342,test
1,2,343,test
1,2,344,test
1,2,345,test
1,2,346,test
1,2,347,test
1,2,348,test
1,2,349,test
1,2,350,test
1,2,351,test
1,2,352,test
1,2,353,test
1,2,354,test
1,2,355,test
1,2,356,test
1,2,357,test
1,2,358,test
1,2,359,test
1,2,360,test
1,2,361,test
1,2,362,test
1,2,363,test
1,2,364,test
1,2,365,test
1,2,366,test
1,2,367,test
1,2,368,test
1,2,369,test
1,2,370,test
1,2,371,test
1,2,372,test
1,2,373,test
1,2,374,test
1,2,375,test
1,2,376,test
1,2,377,test
1,2,378,test
1,2,379,test
1,2,380,test
1,2,381,test
1,2,382,test
1,2,383,test
1,2,384,test
1,2,385,test
1,2,386,test
1,2,387,test
1,2,388,test
1,2,389,test
1,2,390,test
1,2,391,test
1,2,392,test
1,2,393,test
1,2,394,test
1,2,395,test
1,2,396,test
1,2,397,test
1,2,398,test
1,2,399,test
1,2,400,test
1,2,401,test
1,2,402,test
1,2,403,test
1,2,404,test
1,2,405,test
1,2,406,train
1,2,407,val
1,2,408,val
1,2,409,train
1,2,410,train
1,2,411,train
1,2,412,train
1,2,413,train
1,2,414,train
1,2,415,train
1,2,416,train
1,2,417,test
1,2,418,test
1,2,419,test
1,2,420,test
1,2,421,test
1,2,422,test
1,2,423,test
1,2,424,test
1,2,425,test
1,2,426,test
1,2,427,test
1,2,428,test
1,2,429,test
1,2,430,test
1,2,431,test
1,2,432,test
1,2,433,test
1,2,434,test
1,2,435,test
1,2,436,test
1,2,437,test
1,2,438,test
1,2,439,test
1,2,440,test
1,2,441,test
1,2,442,test
1,2,443,test
1,2,444,test
1,2,445,test
1,2,446,test
1,2,447,test
1,2,448,test
1,2,449,test
1,2,450,test
1,2,451,test
1,2,452,test
1,2,453,test
1,2,454,test
1,2,455,test
1,2,456,test
1,2,457,test
1,2,458,test
1,2,459,train
1,2,460,train
1,2,461,train
1,2,462,train
1,2,463,train
1,2,464,train
1,2,465,train
1,2,466,train
1,2,467,train
1,2,468,train
1,2,469,train
1,2,470,train
1,2,471,train
1,2,472,train
1,2,473,train
1,2,474,train
1,2,475,train
1,2,476,train
1,2,477,train
1,2,478,train
1,2,479,train
1,2,480,train
1,2,481,train
1,2,482,train
1,2,483,train
1,2,484,train
1,2,485,train
1,2,486,train
1,2,487,train
1,2,488,train
1,2,489,train
1,2,490,train
1,2,491,train
1,2,492,train
1,2,493,train
1,2,494,train
1,2,495,train
1,2,496,train
1,2,497,train
1,2,498,train
1,2,499,train
1,2,500,train
1,2,501,train
1,2,502,train
1,2,503,train
1,2,504,train
1,2,505,train
1,2,506,train
1,2,507,train
1,2,508,train
1,2,509,train
1,2,510,train
1,2,511,train
1,2,512,train
1,2,513,train
1,2,514,train
1,2,515,train
1,2,516,train
1,2,517,train
1,2,518,train
1,2,519,train
1,2,520,train
1,2,521,train
1,2,522,train
1,2,523,train
1,2,524,train
1,2,525,train
1,2,526,train
1,2,527,train
1,2,528,train
1,2,529,train
1,2,530,train
1,2,531,train
1,2,532,train
1,2,533,train
1,2,534,train
1,2,535,train
1,2,536,train
1,2,537,train
1,2,538,train
1,2,539,train
1,2,540,train
1,2,541,train
1,2,542,train
1,2,543,train
1,2,544,train
1,2,545,train
1,2,546,train
1,2,547,train
1,2,548,train
1,2,549,train
1,3,0,val
1,3,1,train
1,3,2,test
1,3,3,test
1,3,4,test
1,3,5,test
1,3,6,test
1,3,7,test
1,3,8,test
1,3,9,test
1,3,10,test
1,3,11,test
1,3,12,test
1,3,13,test
1,3,14,test
1,3,15,test
1,3,16,test
1,3,17,test
1,3,18,test
1,3,19,test
1,3,20,test
1,3,21,test
1,3,22,test
1,3,23,test
1,3,24,test
1,3,25,test
1,3,26,test
1,3,27,test
1,3,28,test
1,3,29,test
1,3,30,test
1,3,31,test
1,3,32,train
1,3,33,train
1,3,34,train
1,3,35,train
1,3,36,train
1,3,37,train
1,3,38,train
1,3,39,train
1,3,40,test
1,3,41,test
1,3,42,test
1,3,43,test
1,3,44,test
1,3,45,test
1,3,46,test
1,3,47,test
1,3,48,test
1,3,49,test
1,3,50,test
1,3,51,test
1,3,52,test
1,3,53,test
1,3,54,test
1,3,55,test
1,3,56,test
1,3,57,train
1,3,58,train
1,3,59,train
1,3,60,train
1,3,61,train
1,3,62,train
1,3,63,train
1,3,64,train
1,3,65,train
1,3,66,train
1,3,67,train
1,3,68,train
1,3,69,train
1,3,70,train
1,3,71,train
1,3,72,train
1,3,73,train
1,3,74,train
1,3,75,train
1,3,76,train
1,3,77,train
1,3,78,train
1,3,79,train
1,3,80,train
1,3,81,train
1,3,82,train
1,3,83,train
1,3,84,train
1,3,85,train
1,3,86,train
1,3,87,train
1,3,88,train
1,3,89,train
1,3,90,train
1,3,91,train
1,3,92,train
1,3,93,train
1,3,94,train
1,3,95,train
1,3,96,train
1,3,97,train
1,3,98,train
1,3,99,train
1,3,100,train
1,3,101,train
1,3,102,train
1,3,103,train
1,3,104,train
1,3,105,train
1,3,106,train
1,3,107,test
1,3,108,test
1,3,109,test
1,3,110,test
1,3,111,test
1,3,112,test
1,3,113,test
1,3,114,test
1,3,115,test
1,3,116,test
1,3,117,test
1,3,118,test
1,3,119,train
1,3,120,train
1,3,121,train
1,3,122,train
1,3,123,train
1,3,124,train
1,3,125,train
1,3,126,train
1,3,127,train
1,3,128,train
1,3,129,train
1,3,130,train
1,3,131,train
1,3,132,train
1,3,133,train
1,3,134,train
1,3,135,train
1,3,136,train
1,3,137,train
1,3,138,train
1,3,139,train
1,3,140,train
1,3,141,val
1,3,142,val
1,3,143,val
1,3,144,val
1,3,145,train
1,3,146,train
1,3,147,train
1,3,148,train
1,3,149,train
1,3,150,train
1,3,151,train
1,3,152,train
1,3,153,train
1,3,154,test
1,3,155,train
1,3,156,train
1,3,157,train
1,3,158,train
1,3,159,train
1,3,160,train
1,3,161,train
1,3,162,test
1,3,163,test
1,3,164,test
1,3,165,test
1,3,166,train
1,3,167,train
1,3,168,train
1,3,169,train
1,3,170,train
1,3,171,train
1,3,172,train
1,3,173,test
1,3,174,test
1,3,175,test
1,3,176,test
1,3,177,test
1,3,178,test
1,3,179,test
1,3,180,test
1,3,181,val
1,3,182,val
1,3,183,val
1,3,184,val
1,3,185,val
1,3,186,train
1,3,187,test
1,3,188,test
1,3,189,test
1,3,190,test
1,3,191,test
1,3,192,test
1,3,193,test
1,3,194,test
1,3,195,test
1,3,196,test
1,3,197,test
1,3,198,test
1,3,199,test
1,3,200,test
1,3,201,train
1,3,202,train
1,3,203,train
1,3,204,train
1,3,205,train
1,3,206,train
1,3,207,train
1,3,208,train
1,3,209,train
1,3,210,train
1,3,211,train
1,3,212,train
1,3,213,train
1,3,214,train
1,3,215,train
1,3,216,train
1,3,217,train
1,3,218,train
1,3,219,train
1,3,220,train
1,3,221,train
1,3,222,train
1,3,223,train
1,3,224,train
1,3,225,train
1,3,226,train
1,3,227,train
1,3,228,train
1,3,229,train
1,3,230,train
1,3,231,train
1,3,232,train
1,3,233,train
1,3,234,train
1,3,235,train
1,3,236,train
1,3,237,train
1,3,238,train
1,3,239,train
1,3,240,train
1,3,241,train
1,3,242,train
1,3,243,train
1,3,244,val
1,3,245,val
1,3,246,val
1,3,247,val
1,3,248,test
1,3,249,test
1,3,250,test
1,3,251,test
1,3,252,test
1,3,253,test
1,3,254,test
1,3,255,train
1,3,256,train
1,3,257,train
1,3,258,train
1,3,259,train
1,3,260,train
1,3,261,train
1,3,262,val
1,3,263,val
1,3,264,val
1,3,265,val
1,3,266,val
1,3,267,val
1,3,268,val
1,3,269,val
1,3,270,train
1,3,271,train
1,3,272,train
1,3,273,train
1,3,274,train
1,3,275,train
1,3,276,train
1,3,277,train
1,3,278,train
1,3,279,train
1,3,280,train
1,3,281,train
1,3,282,train
1,3,283,train
1,3,284,train
1,3,285,train
1,3,286,train
1,3,287,train
1,3,288,train
1,3,289,train
1,3,290,train
1,3,291,train
1,3,292,train
1,3,293,train
1,3,294,train
1,3,295,train
1,3,296,train
1,3,297,train
1,3,298,train
1,3,299,train
1,3,300,train
1,3,301,train
1,3,302,train
1,3,303,test
1,3,304,train
1,3,305,train
1,3,306,train
1,3,307,train
1,3,308,train
1,3,309,test
1,3,310,test
1,3,311,test
1,3,312,test
1,3,313,test
1,3,314,test
1,3,315,train
1,3,316,train
1,3,317,train
1,3,318,train
1,3,319,train
1,3,320,train
1,3,321,train
1,3,322,train
1,3,323,train
1,3,324,train
1,3,325,train
1,3,326,train
1,3,327,train
1,3,328,train
1,3,329,train
1,3,330,train
1,3,331,train
1,3,332,train
1,3,333,train
1,3,334,train
1,3,335,train
1,3,336,train
1,3,337,train
1,3,338,train
1,3,339,train
1,3,340,train
1,3,341,train
1,3,342,train
1,3,343,train
1,3,344,train
1,3,345,train
1,3,346,train
1,3,347,train
1,3,348,train
1,3,349,train
1,3,350,train
1,3,351,train
1,3,352,train
1,3,353,train
1,3,354,train
1,3,355,train
1,3,356,train
1,3,357,train
1,3,358,train
1,3,359,train
1,3,360,train
1,3,361,train
1,3,362,train
1,3,363,train
1,3,364,train
1,3,365,train
1,3,366,train
1,3,367,train
1,3,368,train
1,3,369,train
1,3,370,train
1,3,371,train
1,3,372,train
1,3,373,train
1,3,374,train
1,3,375,train
1,3,376,train
1,3,377,train
1,3,378,train
1,3,379,train
1,3,380,train
1,3,381,train
1,3,382,train
1,3,383,train
1,3,384,train
1,3,385,train
1,3,386,train
1,3,387,train
1,3,388,train
1,3,389,train
1,3,390,train
1,3,391,train
1,3,392,train
1,3,393,train
1,3,394,train
1,3,395,train
1,3,396,train
1,3,397,train
1,3,398,train
1,3,399,train
1,3,400,train
1,3,401,train
1,3,402,train
1,3,403,train
1,3,404,train
1,3,405,train
1,3,406,test
1,3,407,test
1,3,408,test
1,3,409,test
1,3,410,test
1,3,411,test
1,3,412,test
1,3,413,test
1,3,414,test
1,3,415,test
1,3,416,test
1,3,417,train
1,3,418,train
1,3,419,train
1,3,420,train
1,3,421,train
1,3,422,train
1,3,423,train
1,3,424,train
1,3,425,train
1,3,426,train
1,3,427,train
1,3,428,train
1,3,429,train
1,3,430,train
1,3,431,train
1,3,432,train
1,3,433,train
1,3,434,train
1,3,435,train
1,3,436,train
1,3,437,train
1,3,438,train
1,3,439,train
1,3,440,train
1,3,441,train
1,3,442,train
1,3,443,train
1,3,444,train
1,3,445,train
1,3,446,train
1,3,447,train
1,3,448,val
1,3,449,val
1,3,450,val
1,3,451,val
1,3,452,val
1,3,453,val
1,3,454,val
1,3,455,val
1,3,456,val
1,3,457,val
1,3,458,val
1,3,459,train
1,3,460,train
1,3,461,train
1,3,462,train
1,3,463,train
1,3,464,train
1,3,465,train
1,3,466,train
1,3,467,train
1,3,468,train
1,3,469,train
1,3,470,train
1,3,471,train
1,3,472,val
1,3,473,val
1,3,474,test
1,3,475,test
1,3,476,test
1,3,477,test
1,3,478,test
1,3,479,test
1,3,480,test
1,3,481,test
1,3,482,test
1,3,483,test
1,3,484,test
1,3,485,test
1,3,486,test
1,3,487,test
1,3,488,test
1,3,489,test
1,3,490,test
1,3,491,test
1,3,492,test
1,3,493,test
1,3,494,test
1,3,495,test
1,3,496,test
1,3,497,test
1,3,498,test
1,3,499,test
1,3,500,test
1,3,501,test
1,3,502,test
1,3,503,test
1,3,504,test
1,3,505,test
1,3,506,test
1,3,507,test
1,3,508,test
1,3,509,test
1,3,510,test
1,3,511,test
1,3,512,test
1,3,513,test
1,3,514,test
1,3,515,test
1,3,516,test
1,3,517,test
1,3,518,test
1,3,519,test
1,3,520,test
1,3,521,test
1,3,522,test
1,3,523,val
1,3,524,val
1,3,525,val
1,3,526,val
1,3,527,val
1,3,528,train
1,3,529,train
1,3,530,train
1,3,531,train
1,3,532,train
1,3,533,train
1,3,534,train
1,3,535,train
1,3,536,train
1,3,537,train
1,3,538,train
1,3,539,train
1,3,540,train
1,3,541,train
1,3,542,train
1,3,543,train
1,3,544,train
1,3,545,train
1,3,546,train
1,3,547,test
1,3,548,test
1,3,549,train
2,0,0,train
2,0,1,train
2,0,2,train
2,0,3,train
2,0,4,train
2,0,5,train
2,0,6,train
2,0,7,train
2,0,8,train
2,0,9,train
2,0,10,train
2,0,11,train
2,0,12,train
2,0,13,train
2,0,14,train
2,0,15,train
2,0,16,train
2,0,17,train
2,0,18,train
2,0,19,train
2,0,20,train
2,0,21,train
2,0,22,train
2,0,23,train
2,0,24,train
2,0,25,train
2,0,26,train
2,0,27,train
2,0,28,train
2,0,29,train
2,0,30,train
2,0,31,train
2,0,32,train
2,0,33,train
2,0,34,train
2,0,35,train
2,0,36,train
2,0,37,train
2,0,38,train
2,0,39,train
2,0,40,train
2,0,41,train
2,0,42,train
2,0,43,train
2,0,44,train
2,0,45,train
2,0,46,train
2,0,47,train
2,0,48,train
2,0,49,train
2,0,50,train
2,0,51,train
2,0,52,train
2,0,53,train
2,0,54,train
2,0,55,train
2,0,56,train
2,0,57,val
2,0,58,val
2,0,59,val
2,0,60,val
2,0,61,val
2,0,62,val
2,0,63,val
2,0,64,val
2,0,65,val
2,0,66,val
2,0,67,val
2,0,68,val
2,0,69,val
2,0,70,val
2,0,71,val
2,0,72,val
2,0,73,val
2,0,74,val
2,0,75,val
2,0,76,val
2,0,77,val
2,0,78,val
2,0,79,val
2,0,80,val
2,0,81,val
2,0,82,val
2,0,83,val
2,0,84,val
2,0,85,val
2,0,86,val
2,0,87,val
2,0,88,val
2,0,89,val
2,0,90,val
2,0,91,val
2,0,92,val
2,0,93,val
2,0,94,val
2,0,95,val
2,0,96,train
2,0,97,train
2,0,98,train
2,0,99,train
2,0,100,train
2,0,101,train
2,0,102,train
2,0,103,train
2,0,104,train
2,0,105,train
2,0,106,train
2,0,107,train
2,0,108,train
2,0,109,train
2,0,110,train
2,0,111,train
2,0,112,train
2,0,113,train
2,0,114,train
2,0,115,train
2,0,116,train
2,0,117,train
2,0,118,train
2,0,119,test
2,0,120,test
2,0,121,test
2,0,122,test
2,0,123,test
2,0,124,test
2,0,125,test
2,0,126,test
2,0,127,test
2,0,128,test
2,0,129,test
2,0,130,test
2,0,131,train
2,0,132,train
2,0,133,train
2,0,134,train
2,0,135,train
2,0,136,train
2,0,137,train
2,0,138,train
2,0,139,train
2,0,140,train
2,0,141,test
2,0,142,test
2,0,143,test
2,0,144,test
2,0,145,train
2,0,146,train
2,0,147,train
2,0,148,train
2,0,149,train
2,0,150,train
2,0,151,train
2,0,152,train
2,0,153,train
2,0,154,train
2,0,155,train
2,0,156,train
2,0,157,train
2,0,158,train
2,0,159,train
2,0,160,train
2,0,161,train
2,0,162,train
2,0,163,train
2,0,164,train
2,0,165,train
2,0,166,test
2,0,167,test
2,0,168,train
2,0,169,train
2,0,170,train
2,0,171,train
2,0,172,train
2,0,173,train
2,0,174,train
2,0,175,train
2,0,176,train
2,0,177,train
2,0,178,train
2,0,179,train
2,0,180,train
2,0,181,train
2,0,182,train
2,0,183,train
2,0,184,train
2,0,185,train
2,0,186,train
2,0,187,train
2,0,188,train
2,0,189,train
2,0,190,train
2,0,191,train
2,0,192,train
2,0,193,train
2,0,194,train
2,0,195,train
2,0,196,train
2,0,197,train
2,0,198,train
2,0,199,train
2,0,200,train
2,0,201,train
2,0,202,train
2,0,203,train
2,0,204,train
2,0,205,train
2,0,206,train
2,0,207,train
2,0,208,train
2,0,209,train
2,0,210,train
2,0,211,train
2,0,212,train
2,0,213,train
2,0,214,train
2,0,215,train
2,0,216,train
2,0,217,train
2,0,218,train
2,0,219,train
2,0,220,train
2,0,221,train
2,0,222,train
2,0,223,train
2,0,224,train
2,0,225,train
2,0,226,train
2,0,227,train
2,0,228,train
2,0,229,train
2,0,230,train
2,0,231,train
2,0,232,train
2,0,233,train
2,0,234,train
2,0,235,train
2,0,236,train
2,0,237,train
2,0,238,train
2,0,239,train
2,0,240,train
2,0,241,train
2,0,242,train
2,0,243,train
2,0,244,test
2,0,245,test
2,0,246,test
2,0,247,test
2,0,248,train
2,0,249,train
2,0,250,train
2,0,251,train
2,0,252,test
2,0,253,test
2,0,254,test
2,0,255,train
2,0,256,train
2,0,257,train
2,0,258,train
2,0,259,train
2,0,260,train
2,0,261,train
2,0,262,test
2,0,263,test
2,0,264,test
2,0,265,test
2,0,266,test
2,0,267,test
2,0,268,test
2,0,269,test
2,0,270,train
2,0,271,train
2,0,272,train
2,0,273,train
2,0,274,train
2,0,275,train
2,0,276,train
2,0,277,train
2,0,278,train
2,0,279,train
2,0,280,train
2,0,281,test
2,0,282,test
2,0,283,test
2,0,284,test
2,0,285,test
2,0,286,test
2,0,287,test
2,0,288,test
2,0,289,test
2,0,290,test
2,0,291,test
2,0,292,test
2,0,293,test
2,0,294,test
2,0,295,test
2,0,296,test
2,0,297,test
2,0,298,test
2,0,299,test
2,0,300,test
2,0,301,test
2,0,302,test
2,0,303,train
2,0,304,train
2,0,305,train
2,0,306,test
2,0,307,train
2,0,308,val
2,0,309,train
2,0,310,train
2,0,311,train
2,0,312,train
2,0,313,train
2,0,314,train
2,0,315,train
2,0,316,train
2,0,317,train
2,0,318,train
2,0,319,train
2,0,320,train
2,0,321,train
2,0,322,train
2,0,323,train
2,0,324,train
2,0,325,train
2,0,326,train
2,0,327,train
2,0,328,train
2,0,329,train
2,0,330,train
2,0,331,train
2,0,332,train
2,0,333,train
2,0,334,train
2,0,335,train
2,0,336,train
2,0,337,train
2,0,338,train
2,0,339,train
2,0,340,train
2,0,341,train
2,0,342,train
2,0,343,train
2,0,344,train
2,0,345,train
2,0,346,train
2,0,347,train
2,0,348,train
2,0,349,train
2,0,350,train
2,0,351,train
2,0,352,train
2,0,353,train
2,0,354,train
2,0,355,train
2,0,356,train
2,0,357,train
2,0,358,train
2,0,359,train
2,0,360,train
2,0,361,train
2,0,362,train
2,0,363,train
2,0,364,train
2,0,365,train
2,0,366,train
2,0,367,train
2,0,368,train
2,0,369,train
2,0,370,train
2,0,371,train
2,0,372,train
2,0,373,train
2,0,374,train
2,0,375,train
2,0,376,train
2,0,377,train
2,0,378,train
2,0,379,train
2,0,380,train
2,0,381,train
2,0,382,train
2,0,383,train
2,0,384,train
2,0,385,train
2,0,386,train
2,0,387,train
2,0,388,train
2,0,389,train
2,0,390,train
2,0,391,train
2,0,392,train
2,0,393,test
2,0,394,test
2,0,395,test
2,0,396,test
2,0,397,test
2,0,398,test
2,0,399,test
2,0,400,test
2,0,401,test
2,0,402,test
2,0,403,test
2,0,404,train
2,0,405,train
2,0,406,train
2,0,407,train
2,0,408,val
2,0,409,train
2,0,410,train
2,0,411,train
2,0,412,train
2,0,413,train
2,0,414,train
2,0,415,train
2,0,416,train
2,0,417,test
2,0,418,test
2,0,419,test
2,0,420,test
2,0,421,test
2,0,422,test
2,0,423,test
2,0,424,test
2,0,425,test
2,0,426,test
2,0,427,test
2,0,428,test
2,0,429,test
2,0,430,train
2,0,431,train
2,0,432,train
2,0,433,train
2,0,434,train
2,0,435,train
2,0,436,train
2,0,437,train
2,0,438,train
2,0,439,val
2,0,440,val
2,0,441,val
2,0,442,val
2,0,443,val
2,0,444,val
2,0,445,val
2,0,446,val
2,0,447,val
2,0,448,train
2,0,449,train
2,0,450,train
2,0,451,train
2,0,452,train
2,0,453,train
2,0,454,train
2,0,455,train
2,0,456,train
2,0,457,train
2,0,458,train
2,0,459,train
2,0,460,train
2,0,461,train
2,0,462,train
2,0,463,train
2,0,464,train
2,0,465,train
2,0,466,train
2,0,467,train
2,0,468,train
2,0,469,train
2,0,470,train
2,0,471,train
2,0,472,train
2,0,473,train
2,0,474,train
2,0,475,train
2,0,476,train
2,0,477,train
2,0,478,train
2,0,479,train
2,0,480,train
2,0,481,train
2,0,482,train
2,0,483,train
2,0,484,train
2,0,485,train
2,0,486,train
2,0,487,train
2,0,488,train
2,0,489,train
2,0,490,train
2,0,491,train
2,0,492,train
2,0,493,train
2,0,494,train
2,0,495,train
2,0,496,train
2,0,497,train
2,0,498,train
2,0,499,train
2,0,500,train
2,0,501,train
2,0,502,train
2,0,503,train
2,0,504,train
2,0,505,train
2,0,506,train
2,0,507,train
2,0,508,train
2,0,509,train
2,0,510,train
2,0,511,train
2,0,512,train
2,0,513,train
2,0,514,train
2,0,515,train
2,0,516,train
2,0,517,train
2,0,518,train
2,0,519,train
2,0,520,train
2,0,521,train
2,0,522,train
2,0,523,train
2,0,524,train
2,0,525,train
2,0,526,train
2,0,527,train
2,0,528,train
2,0,529,train
2,0,530,train
2,0,531,train
2,0,532,train
2,0,533,train
2,0,534,train
2,0,535,train
2,0,536,train
2,0,537,train
2,0,538,train
2,0,539,train
2,0,540,train
2,0,541,train
2,0,542,train
2,0,543,train
2,0,544,train
2,0,545,train
2,0,546,train
2,0,547,val
2,0,548,train
2,0,549,train
2,1,0,train
2,1,1,test
2,1,2,test
2,1,3,test
2,1,4,test
2,1,5,test
2,1,6,test
2,1,7,test
2,1,8,test
2,1,9,test
2,1,10,test
2,1,11,test
2,1,12,test
2,1,13,test
2,1,14,test
2,1,15,test
2,1,16,test
2,1,17,test
2,1,18,test
2,1,19,test
2,1,20,test
2,1,21,test
2,1,22,test
2,1,23,test
2,1,24,test
2,1,25,test
2,1,26,test
2,1,27,test
2,1,28,test
2,1,29,test
2,1,30,test
2,1,31,test
2,1,32,train
2,1,33,train
2,1,34,train
2,1,35,train
2,1,36,train
2,1,37,train
2,1,38,train
2,1,39,train
2,1,40,train
2,1,41,train
2,1,42,train
2,1,43,train
2,1,44,train
2,1,45,train
2,1,46,train
2,1,47,train
2,1,48,train
2,1,49,train
2,1,50,train
2,1,51,train
2,1,52,train
2,1,53,test
2,1,54,test
2,1,55,test
2,1,56,test
2,1,57,train
2,1,58,train
2,1,59,train
2,1,60,train
2,1,61,train
2,1,62,train
2,1,63,train
2,1,64,train
2,1,65,train
2,1,66,train
2,1,67,train
2,1,68,train
2,1,69,train
2,1,70,train
2,1,71,train
2,1,72,train
2,1,73,train
2,1,74,train
2,1,75,train
2,1,76,train
2,1,77,train
2,1,78,train
2,1,79,train
2,1,80,train
2,1,81,train
2,1,82,train
2,1,83,train
2,1,84,train
2,1,85,train
2,1,86,train
2,1,87,train
2,1,88,train
2,1,89,train
2,1,90,train
2,1,91,train
2,1,92,train
2,1,93,train
2,1,94,train
2,1,95,train
2,1,96,test
2,1,97,test
2,1,98,test
2,1,99,test
2,1,100,test
2,1,101,test
2,1,102,test
2,1,103,test
2,1,104,train
2,1,105,train
2,1,106,train
2,1,107,train
2,1,108,train
2,1,109,train
2,1,110,train
2,1,111,train
2,1,112,train
2,1,113,train
2,1,114,train
2,1,115,val
2,1,116,val
2,1,117,val
2,1,118,val
2,1,119,train
2,1,120,train
2,1,121,train
2,1,122,train
2,1,123,train
2,1,124,train
2,1,125,train
2,1,126,train
2,1,127,train
2,1,128,train
2,1,129,train
2,1,130,train
2,1,131,train
2,1,132,train
2,1,133,train
2,1,134,train
2,1,135,train
2,1,136,train
2,1,137,train
2,1,138,train
2,1,139,train
2,1,140,train
2,1,141,train
2,1,142,train
2,1,143,train
2,1,144,train
2,1,145,train
2,1,146,train
2,1,147,train
2,1,148,train
2,1,149,train
2,1,150,train
2,1,151,train
2,1,152,train
2,1,153,train
2,1,154,train
2,1,155,train
2,1,156,train
2,1,157,train
2,1,158,train
2,1,159,train
2,1,160,train
2,1,161,train
2,1,162,train
2,1,163,train
2,1,164,train
2,1,165,train
2,1,166,train
2,1,167,train
2,1,168,train
2,1,169,train
2,1,170,train
2,1,171,train
2,1,172,train
2,1,173,test
2,1,174,test
2,1,175,test
2,1,176,test
2,1,177,test
2,1,178,test
2,1,179,test
2,1,180,test
2,1,181,train
2,1,182,train
2,1,183,train
2,1,184,train
2,1,185,train
2,1,186,train
2,1,187,test
2,1,188,test
2,1,189,test
2,1,190,test
2,1,191,test
2,1,192,test
2,1,193,test
2,1,194,test
2,1,195,test
2,1,196,test
2,1,197,test
2,1,198,test
2,1,199,test
2,1,200,test
2,1,201,test
2,1,202,test
2,1,203,test
2,1,204,test
2,1,205,test
2,1,206,test
2,1,207,test
2,1,208,test
2,1,209,test
2,1,210,test
2,1,211,test
2,1,212,test
2,1,213,test
2,1,214,test
2,1,215,test
2,1,216,test
2,1,217,test
2,1,218,test
2,1,219,test
2,1,220,test
2,1,221,test
2,1,222,test
2,1,223,test
2,1,224,test
2,1,225,test
2,1,226,test
2,1,227,test
2,1,228,test
2,1,229,test
2,1,230,test
2,1,231,test
2,1,232,test
2,1,233,test
2,1,234,test
2,1,235,test
2,1,236,test
2,1,237,test
2,1,238,test
2,1,239,test
2,1,240,test
2,1,241,test
2,1,242,test
2,1,243,train
2,1,244,train
2,1,245,train
2,1,246,train
2,1,247,train
2,1,248,train
2,1,249,train
2,1,250,train
2,1,251,train
2,1,252,train
2,1,253,train
2,1,254,train
2,1,255,train
2,1,256,train
2,1,257,train
2,1,258,train
2,1,259,train
2,1,260,train
2,1,261,train
2,1,262,train
2,1,263,train
2,1,264,train
2,1,265,train
2,1,266,train
2,1,267,train
2,1,268,train
2,1,269,train
2,1,270,train
2,1,271,train
2,1,272,train
2,1,273,train
2,1,274,train
2,1,275,train
2,1,276,train
2,1,277,train
2,1,278,train
2,1,279,train
2,1,280,train
2,1,281,val
2,1,282,val
2,1,283,val
2,1,284,val
2,1,285,val
2,1,286,val
2,1,287,val
2,1,288,val
2,1,289,val
2,1,290,val
2,1,291,val
2,1,292,val
2,1,293,val
2,1,294,val
2,1,295,val
2,1,296,val
2,1,297,val
2,1,298,val
2,1,299,val
2,1,300,val
2,1,301,val
2,1,302,val
2,1,303,test
2,1,304,test
2,1,305,train
2,1,306,train
2,1,307,train
2,1,308,test
2,1,309,train
2,1,310,train
2,1,311,train
2,1,312,train
2,1,313,train
2,1,314,train
2,1,315,test
2,1,316,test
2,1,317,test
2,1,318,test
2,1,319,test
2,1,320,test
2,1,321,test
2,1,322,test
2,1,323,test
2,1,324,test
2,1,325,test
2,1,326,test
2,1,327,test
2,1,328,test
2,1,329,test
2,1,330,test
2,1,331,test
2,1,332,test
2,1,333,test
2,1,334,test
2,1,335,test
2,1,336,test
2,1,337,test
2,1,338,test
2,1,339,test
2,1,340,test
2,1,341,test
2,1,342,test
2,1,343,test
2,1,344,test
2,1,345,test
2,1,346,test
2,1,347,test
2,1,348,test
2,1,349,test
2,1,350,test
2,1,351,test
2,1,352,test
2,1,353,test
2,1,354,test
2,1,355,test
2,1,356,test
2,1,357,test
2,1,358,test
2,1,359,test
2,1,360,test
2,1,361,test
2,1,362,test
2,1,363,test
2,1,364,test
2,1,365,test
2,1,366,test
2,1,367,test
2,1,368,test
2,1,369,test
2,1,370,test
2,1,371,test
2,1,372,test
2,1,373,test
2,1,374,test
2,1,375,test
2,1,376,test
2,1,377,test
2,1,378,test
2,1,379,test
2,1,380,test
2,1,381,test
2,1,382,test
2,1,383,test
2,1,384,test
2,1,385,test
2,1,386,test
2,1,387,test
2,1,388,test
2,1,389,test
2,1,390,test
2,1,391,test
2,1,392,test
2,1,393,train
2,1,394,train
2,1,395,train
2,1,396,train
2,1,397,train
2,1,398,train
2,1,399,train
2,1,400,train
2,1,401,train
2,1,402,train
2,1,403,train
2,1,404,train
2,1,405,test
2,1,406,train
2,1,407,train
2,1,408,test
2,1,409,train
2,1,410,train
2,1,411,train
2,1,412,train
2,1,413,train
2,1,414,train
2,1,415,train
2,1,416,train
2,1,417,train
2,1,418,train
2,1,419,train
2,1,420,train
2,1,421,train
2,1,422,train
2,1,423,train
2,1,424,train
2,1,425,train
2,1,426,train
2,1,427,train
2,1,428,train
2,1,429,train
2,1,430,val
2,1,431,val
2,1,432,val
2,1,433,val
2,1,434,val
2,1,435,val
2,1,436,val
2,1,437,val
2,1,438,val
2,1,439,train
2,1,440,train
2,1,441,train
2,1,442,train
2,1,443,train
2,1,444,train
2,1,445,train
2,1,446,train
2,1,447,train
2,1,448,train
2,1,449,train
2,1,450,train
2,1,451,train
2,1,452,train
2,1,453,train
2,1,454,train
2,1,455,train
2,1,456,train
2,1,457,train
2,1,458,train
2,1,459,test
2,1,460,test
2,1,461,test
2,1,462,test
2,1,463,test
2,1,464,test
2,1,465,test
2,1,466,test
2,1,467,test
2,1,468,test
2,1,469,test
2,1,470,test
2,1,471,test
2,1,472,train
2,1,473,train
2,1,474,test
2,1,475,test
2,1,476,test
2,1,477,test
2,1,478,test
2,1,479,test
2,1,480,test
2,1,481,test
2,1,482,test
2,1,483,test
2,1,484,test
2,1,485,test
2,1,486,test
2,1,487,test
2,1,488,test
2,1,489,test
2,1,490,test
2,1,491,test
2,1,492,test
2,1,493,test
2,1,494,test
2,1,495,test
2,1,496,test
2,1,497,test
2,1,498,test
2,1,499,test
2,1,500,test
2,1,501,test
2,1,502,test
2,1,503,test
2,1,504,test
2,1,505,test
2,1,506,test
2,1,507,test
2,1,508,test
2,1,509,test
2,1,510,test
2,1,511,test
2,1,512,test
2,1,513,test
2,1,514,test
2,1,515,test
2,1,516,test
2,1,517,test
2,1,518,test
2,1,519,test
2,1,520,test
2,1,521,test
2,1,522,test
2,1,523,test
2,1,524,test
2,1,525,test
2,1,526,test
2,1,527,test
2,1,528,train
2,1,529,train
2,1,530,train
2,1,531,train
2,1,532,train
2,1,533,train
2,1,534,train
2,1,535,train
2,1,536,train
2,1,537,train
2,1,538,train
2,1,539,train
2,1,540,train
2,1,541,train
2,1,542,train
2,1,543,train
2,1,544,train
2,1,545,train
2,1,546,train
2,1,547,train
2,1,548,test
2,1,549,test
2,2,0,test
2,2,1,train
2,2,2,train
2,2,3,train
2,2,4,train
2,2,5,train
2,2,6,train
2,2,7,train
2,2,8,train
2,2,9,train
2,2,10,train
2,2,11,train
2,2,12,train
2,2,13,train
2,2,14,train
2,2,15,train
2,2,16,train
2,2,17,train
2,2,18,train
2,2,19,train
2,2,20,train
2,2,21,train
2,2,22,train
2,2,23,train
2,2,24,train
2,2,25,train
2,2,26,train
2,2,27,train
2,2,28,train
2,2,29,train
2,2,30,train
2,2,31,train
2,2,32,test
2,2,33,test
2,2,34,test
2,2,35,test
2,2,36,test
2,2,37,test
2,2,38,test
2,2,39,test
2,2,40,test
2,2,41,test
2,2,42,test
2,2,43,test
2,2,44,test
2,2,45,test
2,2,46,test
2,2,47,test
2,2,48,test
2,2,49,test
2,2,50,test
2,2,51,test
2,2,52,test
2,2,53,train
2,2,54,train
2,2,55,train
2,2,56,train
2,2,57,train
2,2,58,train
2,2,59,train
2,2,60,train
2,2,61,train
2,2,62,train
2,2,63,train
2,2,64,train
2,2,65,train
2,2,66,train
2,2,67,train
2,2,68,train
2,2,69,train
2,2,70,train
2,2,71,train
2,2,72,train
2,2,73,train
2,2,74,train
2,2,75,train
2,2,76,train
2,2,77,train
2,2,78,train
2,2,79,train
2,2,80,train
2,2,81,train
2,2,82,train
2,2,83,train
2,2,84,train
2,2,85,train
2,2,86,train
2,2,87,train
2,2,88,train
2,2,89,train
2,2,90,train
2,2,91,train
2,2,92,train
2,2,93,train
2,2,94,train
2,2,95,train
2,2,96,train
2,2,97,train
2,2,98,train
2,2,99,train
2,2,100,train
2,2,101,train
2,2,102,train
2,2,103,train
2,2,104,test
2,2,105,test
2,2,106,test
2,2,107,train
2,2,108,train
2,2,109,train
2,2,110,train
2,2,111,train
2,2,112,train
2,2,113,train
2,2,114,train
2,2,115,test
2,2,116,test
2,2,117,test
2,2,118,test
2,2,119,train
2,2,120,train
2,2,121,train
2,2,122,train
2,2,123,train
2,2,124,train
2,2,125,train
2,2,126,train
2,2,127,train
2,2,128,train
2,2,129,train
2,2,130,train
2,2,131,train
2,2,132,train
2,2,133,train
2,2,134,train
2,2,135,train
2,2,136,train
2,2,137,train
2,2,138,train
2,2,139,train
2,2,140,train
2,2,141,train
2,2,142,train
2,2,143,train
2,2,144,train
2,2,145,test
2,2,146,train
2,2,147,train
2,2,148,train
2,2,149,train
2,2,150,train
2,2,151,train
2,2,152,train
2,2,153,train
2,2,154,train
2,2,155,train
2,2,156,train
2,2,157,train
2,2,158,train
2,2,159,train
2,2,160,train
2,2,161,train
2,2,162,train
2,2,163,train
2,2,164,train
2,2,165,train
2,2,166,train
2,2,167,train
2,2,168,test
2,2,169,test
2,2,170,test
2,2,171,test
2,2,172,test
2,2,173,train
2,2,174,train
2,2,175,train
2,2,176,train
2,2,177,train
2,2,178,train
2,2,179,train
2,2,180,train
2,2,181,train
2,2,182,train
2,2,183,train
2,2,184,train
2,2,185,train
2,2,186,val
2,2,187,val
2,2,188,val
2,2,189,val
2,2,190,val
2,2,191,val
2,2,192,val
2,2,193,val
2,2,194,val
2,2,195,val
2,2,196,val
2,2,197,val
2,2,198,val
2,2,199,val
2,2,200,val
2,2,201,train
2,2,202,train
2,2,203,train
2,2,204,train
2,2,205,train
2,2,206,train
2,2,207,train
2,2,208,train
2,2,209,train
2,2,210,train
2,2,211,train
2,2,212,train
2,2,213,train
2,2,214,train
2,2,215,train
2,2,216,train
2,2,217,train
2,2,218,train
2,2,219,train
2,2,220,train
2,2,221,train
2,2,222,train
2,2,223,train
2,2,224,train
2,2,225,train
2,2,226,train
2,2,227,train
2,2,228,train
2,2,229,train
2,2,230,train
2,2,231,train
2,2,232,train
2,2,233,train
2,2,234,train
2,2,235,train
2,2,236,train
2,2,237,train
2,2,238,train
2,2,239,train
2,2,240,train
2,2,241,train
2,2,242,train
2,2,243,test
2,2,244,train
2,2,245,train
2,2,246,train
2,2,247,train
2,2,248,train
2,2,249,train
2,2,250,train
2,2,251,train
2,2,252,val
2,2,253,val
2,2,254,val
2,2,255,test
2,2,256,test
2,2,257,test
2,2,258,test
2,2,259,test
2,2,260,test
2,2,261,test
2,2,262,train
2,2,263,train
2,2,264,train
2,2,265,train
2,2,266,train
2,2,267,train
2,2,268,train
2,2,269,train
2,2,270,val
2,2,271,val
2,2,272,val
2,2,273,val
2,2,274,val
2,2,275,val
2,2,276,val
2,2,277,val
2,2,278,val
2,2,279,val
2,2,280,val
2,2,281,train
2,2,282,train
2,2,283,train
2,2,284,train
2,2,285,train
2,2,286,train
2,2,287,train
2,2,288,train
2,2,289,train
2,2,290,train
2,2,291,train
2,2,292,train
2,2,293,train
2,2,294,train
2,2,295,train
2,2,296,train
2,2,297,train
2,2,298,train
2,2,299,train
2,2,300,train
2,2,301,train
2,2,302,train
2,2,303,train
2,2,304,train
2,2,305,train
2,2,306,train
2,2,307,test
2,2,308,train
2,2,309,test
2,2,310,test
2,2,311,test
2,2,312,test
2,2,313,test
2,2,314,test
2,2,315,train
2,2,316,train
2,2,317,train
2,2,318,train
2,2,319,train
2,2,320,train
2,2,321,train
2,2,322,train
2,2,323,train
2,2,324,train
2,2,325,train
2,2,326,train
2,2,327,train
2,2,328,train
2,2,329,train
2,2,330,train
2,2,331,train
2,2,332,train
2,2,333,train
2,2,334,train
2,2,335,train
2,2,336,train
2,2,337,train
2,2,338,train
2,2,339,train
2,2,340,train
2,2,341,train
2,2,342,train
2,2,343,train
2,2,344,train
2,2,345,train
2,2,346,train
2,2,347,train
2,2,348,train
2,2,349,train
2,2,350,train
2,2,351,train
2,2,352,train
2,2,353,train
2,2,354,train
2,2,355,train
2,2,356,train
2,2,357,train
2,2,358,train
2,2,359,train
2,2,360,train
2,2,361,train
2,2,362,train
2,2,363,train
2,2,364,train
2,2,365,train
2,2,366,train
2,2,367,train
2,2,368,train
2,2,369,train
2,2,370,train
2,2,371,train
2,2,372,train
2,2,373,train
2,2,374,train
2,2,375,train
2,2,376,train
2,2,377,train
2,2,378,train
2,2,379,train
2,2,380,train
2,2,381,train
2,2,382,train
2,2,383,train
2,2,384,train
2,2,385,train
2,2,386,train
2,2,387,train
2,2,388,train
2,2,389,train
2,2,390,train
2,2,391,train
2,2,392,train
2,2,393,train
2,2,394,train
2,2,395,train
2,2,396,train
2,2,397,train
2,2,398,train
2,2,399,train
2,2,400,train
2,2,401,train
2,2,402,train
2,2,403,train
2,2,404,train
2,2,405,train
2,2,406,val
2,2,407,test
2,2,408,train
2,2,409,val
2,2,410,val
2,2,411,val
2,2,412,val
2,2,413,val
2,2,414,val
2,2,415,val
2,2,416,val
2,2,417,train
2,2,418,train
2,2,419,train
2,2,420,train
2,2,421,train
2,2,422,train
2,2,423,train
2,2,424,train
2,2,425,train
2,2,426,train
2,2,427,train
2,2,428,train
2,2,429,train
2,2,430,test
2,2,431,test
2,2,432,test
2,2,433,test
2,2,434,test
2,2,435,test
2,2,436,test
2,2,437,test
2,2,438,test
2,2,439,train
2,2,440,train
2,2,441,train
2,2,442,train
2,2,443,train
2,2,444,train
2,2,445,train
2,2,446,train
2,2,447,train
2,2,448,train
2,2,449,train
2,2,450,train
2,2,451,train
2,2,452,train
2,2,453,train
2,2,454,train
2,2,455,train
2,2,456,train
2,2,457,train
2,2,458,train
2,2,459,train
2,2,460,train
2,2,461,train
2,2,462,train
2,2,463,train
2,2,464,train
2,2,465,train
2,2,466,train
2,2,467,train
2,2,468,train
2,2,469,train
2,2,470,train
2,2,471,train
2,2,472,train
2,2,473,train
2,2,474,train
2,2,475,train
2,2,476,train
2,2,477,train
2,2,478,train
2,2,479,train
2,2,480,train
2,2,481,train
2,2,482,train
2,2,483,train
2,2,484,train
2,2,485,train
2,2,486,train
2,2,487,train
2,2,488,train
2,2,489,train
2,2,490,train
2,2,491,train
2,2,492,train
2,2,493,train
2,2,494,train
2,2,495,train
2,2,496,train
2,2,497,train
2,2,498,train
2,2,499,train
2,2,500,train
2,2,501,train
2,2,502,train
2,2,503,train
2,2,504,train
2,2,505,train
2,2,506,train
2,2,507,train
2,2,508,train
2,2,509,train
2,2,510,train
2,2,511,train
2,2,512,train
2,2,513,train
2,2,514,train
2,2,515,train
2,2,516,train
2,2,517,train
2,2,518,train
2,2,519,train
2,2,520,train
2,2,521,train
2,2,522,train
2,2,523,train
2,2,524,train
2,2,525,train
2,2,526,train
2,2,527,train
2,2,528,val
2,2,529,val
2,2,530,val
2,2,531,val
2,2,532,val
2,2,533,val
2,2,534,val
2,2,535,val
2,2,536,train
2,2,537,train
2,2,538,train
2,2,539,train
2,2,540,train
2,2,541,train
2,2,542,train
2,2,543,train
2,2,544,train
2,2,545,train
2,2,546,train
2,2,547,test
2,2,548,train
2,2,549,train
2,3,0,train
2,3,1,train
2,3,2,train
2,3,3,train
2,3,4,train
2,3,5,train
2,3,6,train
2,3,7,train
2,3,8,train
2,3,9,train
2,3,10,train
2,3,11,train
2,3,12,train
2,3,13,train
2,3,14,train
2,3,15,train
2,3,16,train
2,3,17,train
2,3,18,train
2,3,19,train
2,3,20,train
2,3,21,train
2,3,22,train
2,3,23,train
2,3,24,train
2,3,25,train
2,3,26,train
2,3,27,train
2,3,28,train
2,3,29,train
2,3,30,train
2,3,31,train
2,3,32,train
2,3,33,train
2,3,34,train
2,3,35,train
2,3,36,train
2,3,37,train
2,3,38,train
2,3,39,train
2,3,40,train
2,3,41,train
2,3,42,train
2,3,43,train
2,3,44,train
2,3,45,train
2,3,46,train
2,3,47,train
2,3,48,train
2,3,49,train
2,3,50,train
2,3,51,train
2,3,52,train
2,3,53,train
2,3,54,train
2,3,55,train
2,3,56,train
2,3,57,test
2,3,58,test
2,3,59,test
2,3,60,test
2,3,61,test
2,3,62,test
2,3,63,test
2,3,64,test
2,3,65,test
2,3,66,test
2,3,67,test
2,3,68,test
2,3,69,test
2,3,70,test
2,3,71,test
2,3,72,test
2,3,73,test
2,3,74,test
2,3,75,test
2,3,76,test
2,3,77,test
2,3,78,test
2,3,79,test
2,3,80,test
2,3,81,test
2,3,82,test
2,3,83,test
2,3,84,test
2,3,85,test
2,3,86,test
2,3,87,test
2,3,88,test
2,3,89,test
2,3,90,test
2,3,91,test
2,3,92,test
2,3,93,test
2,3,94,test
2,3,95,test
2,3,96,train
2,3,97,train
2,3,98,train
2,3,99,train
2,3,100,train
2,3,101,train
2,3,102,train
2,3,103,train
2,3,104,train
2,3,105,train
2,3,106,train
2,3,107,test
2,3,108,test
2,3,109,test
2,3,110,test
2,3,111,test
2,3,112,test
2,3,113,test
2,3,114,test
2,3,115,val
2,3,116,val
2,3,117,val
2,3,118,val
2,3,119,train
2,3,120,train
2,3,121,train
2,3,122,train
2,3,123,train
2,3,124,train
2,3,125,train
2,3,126,train
2,3,127,train
2,3,128,train
2,3,129,train
2,3,130,train
2,3,131,test
2,3,132,test
2,3,133,test
2,3,134,test
2,3,135,test
2,3,136,test
2,3,137,test
2,3,138,test
2,3,139,test
2,3,140,test
2,3,141,val
2,3,142,val
2,3,143,val
2,3,144,val
2,3,145,train
2,3,146,test
2,3,147,test
2,3,148,test
2,3,149,test
2,3,150,test
2,3,151,test
2,3,152,test
2,3,153,test
2,3,154,test
2,3,155,test
2,3,156,test
2,3,157,test
2,3,158,test
2,3,159,test
2,3,160,test
2,3,161,test
2,3,162,test
2,3,163,test
2,3,164,test
2,3,165,test
2,3,166,train
2,3,167,train
2,3,168,train
2,3,169,train
2,3,170,train
2,3,171,train
2,3,172,train
2,3,173,train
2,3,174,train
2,3,175,train
2,3,176,train
2,3,177,train
2,3,178,train
2,3,179,train
2,3,180,train
2,3,181,test
2,3,182,test
2,3,183,test
2,3,184,test
2,3,185,test
2,3,186,test
2,3,187,train
2,3,188,train
2,3,189,train
2,3,190,train
2,3,191,train
2,3,192,train
2,3,193,train
2,3,194,train
2,3,195,train
2,3,196,train
2,3,197,train
2,3,198,train
2,3,199,train
2,3,200,train
2,3,201,train
2,3,202,train
2,3,203,train
2,3,204,train
2,3,205,train
2,3,206,train
2,3,207,train
2,3,208,train
2,3,209,train
2,3,210,train
2,3,211,train
2,3,212,train
2,3,213,train
2,3,214,train
2,3,215,train
2,3,216,train
2,3,217,train
2,3,218,train
2,3,219,train
2,3,220,train
2,3,221,train
2,3,222,train
2,3,223,train
2,3,224,train
2,3,225,train
2,3,226,train
2,3,227,train
2,3,228,train
2,3,229,train
2,3,230,train
2,3,231,train
2,3,232,train
2,3,233,train
2,3,234,train
2,3,235,train
2,3,236,train
2,3,237,train
2,3,238,train
2,3,239,train
2,3,240,train
2,3,241,train
2,3,242,train
2,3,243,train
2,3,244,val
2,3,245,val
2,3,246,val
2,3,247,val
2,3,248,test
2,3,249,test
2,3,250,test
2,3,251,test
2,3,252,train
2,3,253,train
2,3,254,train
2,3,255,train
2,3,256,train
2,3,257,train
2,3,258,train
2,3,259,train
2,3,260,train
2,3,261,train
2,3,262,train
2,3,263,train
2,3,264,train
2,3,265,train
2,3,266,train
2,3,267,train
2,3,268,train
2,3,269,train
2,3,270,test
2,3,271,test
2,3,272,test
2,3,273,test
2,3,274,test
2,3,275,test
2,3,276,test
2,3,277,test
2,3,278,test
2,3,279,test
2,3,280,test
2,3,281,val
2,3,282,val
2,3,283,val
2,3,284,val
2,3,285,val
2,3,286,val
2,3,287,val
2,3,288,val
2,3,289,val
2,3,290,val
2,3,291,val
2,3,292,val
2,3,293,val
2,3,294,val
2,3,295,val
2,3,296,val
2,3,297,val
2,3,298,val
2,3,299,val
2,3,300,val
2,3,301,val
2,3,302,val
2,3,303,train
2,3,304,train
2,3,305,test
2,3,306,train
2,3,307,train
2,3,308,train
2,3,309,train
2,3,310,train
2,3,311,train
2,3,312,train
2,3,313,train
2,3,314,train
2,3,315,train
2,3,316,train
2,3,317,train
2,3,318,train
2,3,319,train
2,3,320,train
2,3,321,train
2,3,322,train
2,3,323,train
2,3,324,train
2,3,325,train
2,3,326,train
2,3,327,train
2,3,328,train
2,3,329,train
2,3,330,train
2,3,331,train
2,3,332,train
2,3,333,train
2,3,334,train
2,3,335,train
2,3,336,train
2,3,337,train
2,3,338,train
2,3,339,train
2,3,340,train
2,3,341,train
2,3,342,train
2,3,343,train
2,3,344,train
2,3,345,train
2,3,346,train
2,3,347,train
2,3,348,train
2,3,349,train
2,3,350,train
2,3,351,train
2,3,352,train
2,3,353,train
2,3,354,train
2,3,355,train
2,3,356,train
2,3,357,train
2,3,358,train
2,3,359,train
2,3,360,train
2,3,361,train
2,3,362,train
2,3,363,train
2,3,364,train
2,3,365,train
2,3,366,train
2,3,367,train
2,3,368,train
2,3,369,train
2,3,370,train
2,3,371,train
2,3,372,train
2,3,373,train
2,3,374,train
2,3,375,train
2,3,376,train
2,3,377,train
2,3,378,train
2,3,379,train
2,3,380,train
2,3,381,train
2,3,382,train
2,3,383,train
2,3,384,train
2,3,385,train
2,3,386,train
2,3,387,train
2,3,388,train
2,3,389,train
2,3,390,train
2,3,391,train
2,3,392,train
2,3,393,train
2,3,394,train
2,3,395,train
2,3,396,train
2,3,397,train
2,3,398,train
2,3,399,train
2,3,400,train
2,3,401,train
2,3,402,train
2,3,403,train
2,3,404,test
2,3,405,train
2,3,406,test
2,3,407,train
2,3,408,train
2,3,409,test
2,3,410,test
2,3,411,test
2,3,412,test
2,3,413,test
2,3,414,test
2,3,415,test
2,3,416,test
2,3,417,train
2,3,418,train
2,3,419,train
2,3,420,train
2,3,421,train
2,3,422,train
2,3,423,train
2,3,424,train
2,3,425,train
2,3,426,train
2,3,427,train
2,3,428,train
2,3,429,train
2,3,430,train
2,3,431,train
2,3,432,train
2,3,433,train
2,3,434,train
2,3,435,train
2,3,436,train
2,3,437,train
2,3,438,train
2,3,439,test
2,3,440,test
2,3,441,test
2,3,442,test
2,3,443,test
2,3,444,test
2,3,445,test
2,3,446,test
2,3,447,test
2,3,448,test
2,3,449,test
2,3,450,test
2,3,451,test
2,3,452,test
2,3,453,test
2,3,454,test
2,3,455,test
2,3,456,test
2,3,457,test
2,3,458,test
2,3,459,val
2,3,460,val
2,3,461,val
2,3,462,val
2,3,463,val
2,3,464,val
2,3,465,val
2,3,466,val
2,3,467,train
2,3,468,train
2,3,469,train
2,3,470,train
2,3,471,train
2,3,472,test
2,3,473,test
2,3,474,train
2,3,475,train
2,3,476,train
2,3,477,train
2,3,478,train
2,3,479,train
2,3,480,train
2,3,481,train
2,3,482,train
2,3,483,train
2,3,484,train
2,3,485,train
2,3,486,train
2,3,487,train
2,3,488,train
2,3,489,train
2,3,490,train
2,3,491,train
2,3,492,train
2,3,493,train
2,3,494,train
2,3,495,train
2,3,496,train
2,3,497,train
2,3,498,train
2,3,499,train
2,3,500,train
2,3,501,train
2,3,502,train
2,3,503,train
2,3,504,train
2,3,505,train
2,3,506,train
2,3,507,train
2,3,508,train
2,3,509,train
2,3,510,train
2,3,511,train
2,3,512,train
2,3,513,train
2,3,514,train
2,3,515,train
2,3,516,train
2,3,517,train
2,3,518,train
2,3,519,train
2,3,520,train
2,3,521,train
2,3,522,train
2,3,523,train
2,3,524,train
2,3,525,train
2,3,526,train
2,3,527,train
2,3,528,test
2,3,529,test
2,3,530,test
2,3,531,test
2,3,532,test
2,3,533,test
2,3,534,test
2,3,535,test
2,3,536,test
2,3,537,test
2,3,538,test
2,3,539,test
2,3,540,test
2,3,541,test
2,3,542,test
2,3,543,test
2,3,544,test
2,3,545,test
2,3,546,test
2,3,547,train
2,3,548,train
2,3,549,train
3,0,0,train
3,0,1,train
3,0,2,train
3,0,3,train
3,0,4,train
3,0,5,train
3,0,6,train
3,0,7,train
3,0,8,train
3,0,9,train
3,0,10,train
3,0,11,train
3,0,12,train
3,0,13,train
3,0,14,train
3,0,15,train
3,0,16,train
3,0,17,train
3,0,18,train
3,0,19,train
3,0,20,train
3,0,21,train
3,0,22,train
3,0,23,train
3,0,24,train
3,0,25,train
3,0,26,train
3,0,27,train
3,0,28,train
3,0,29,train
3,0,30,train
3,0,31,train
3,0,32,test
3,0,33,test
3,0,34,test
3,0,35,test
3,0,36,test
3,0,37,test
3,0,38,test
3,0,39,train
3,0,40,train
3,0,41,train
3,0,42,train
3,0,43,train
3,0,44,train
3,0,45,train
3,0,46,train
3,0,47,train
3,0,48,train
3,0,49,train
3,0,50,train
3,0,51,train
3,0,52,train
3,0,53,train
3,0,54,train
3,0,55,train
3,0,56,train
3,0,57,test
3,0,58,test
3,0,59,test
3,0,60,test
3,0,61,test
3,0,62,test
3,0,63,test
3,0,64,test
3,0,65,test
3,0,66,test
3,0,67,test
3,0,68,test
3,0,69,test
3,0,70,test
3,0,71,test
3,0,72,test
3,0,73,test
3,0,74,test
3,0,75,test
3,0,76,test
3,0,77,test
3,0,78,test
3,0,79,test
3,0,80,test
3,0,81,test
3,0,82,test
3,0,83,test
3,0,84,test
3,0,85,test
3,0,86,test
3,0,87,test
3,0,88,test
3,0,89,test
3,0,90,test
3,0,91,test
3,0,92,test
3,0,93,test
3,0,94,test
3,0,95,test
3,0,96,train
3,0,97,train
3,0,98,train
3,0,99,train
3,0,100,train
3,0,101,train
3,0,102,train
3,0,103,train
3,0,104,train
3,0,105,train
3,0,106,train
3,0,107,train
3,0,108,train
3,0,109,train
3,0,110,train
3,0,111,train
3,0,112,train
3,0,113,train
3,0,114,train
3,0,115,train
3,0,116,train
3,0,117,train
3,0,118,train
3,0,119,test
3,0,120,test
3,0,121,test
3,0,122,test
3,0,123,test
3,0,124,test
3,0,125,test
3,0,126,test
3,0,127,test
3,0,128,test
3,0,129,test
3,0,130,test
3,0,131,train
3,0,132,train
3,0,133,train
3,0,134,train
3,0,135,train
3,0,136,train
3,0,137,train
3,0,138,train
3,0,139,train
3,0,140,train
3,0,141,train
3,0,142,train
3,0,143,train
3,0,144,train
3,0,145,test
3,0,146,train
3,0,147,train
3,0,148,train
3,0,149,train
3,0,150,train
3,0,151,train
3,0,152,train
3,0,153,train
3,0,154,test
3,0,155,train
3,0,156,train
3,0,157,train
3,0,158,train
3,0,159,train
3,0,160,train
3,0,161,train
3,0,162,train
3,0,163,train
3,0,164,train
3,0,165,train
3,0,166,train
3,0,167,train
3,0,168,train
3,0,169,train
3,0,170,train
3,0,171,train
3,0,172,train
3,0,173,train
3,0,174,train
3,0,175,train
3,0,176,train
3,0,177,train
3,0,178,train
3,0,179,train
3,0,180,train
3,0,181,test
3,0,182,test
3,0,183,test
3,0,184,test
3,0,185,test
3,0,186,train
3,0,187,train
3,0,188,train
3,0,189,train
3,0,190,train
3,0,191,train
3,0,192,train
3,0,193,train
3,0,194,train
3,0,195,train
3,0,196,train
3,0,197,train
3,0,198,train
3,0,199,train
3,0,200,train
3,0,201,train
3,0,202,train
3,0,203,train
3,0,204,train
3,0,205,train
3,0,206,train
3,0,207,train
3,0,208,train
3,0,209,train
3,0,210,train
3,0,211,train
3,0,212,train
3,0,213,train
3,0,214,train
3,0,215,train
3,0,216,train
3,0,217,train
3,0,218,train
3,0,219,train
3,0,220,train
3,0,221,train
3,0,222,train
3,0,223,train
3,0,224,train
3,0,225,train
3,0,226,train
3,0,227,train
3,0,228,train
3,0,229,train
3,0,230,train
3,0,231,train
3,0,232,train
3,0,233,train
3,0,234,train
3,0,235,train
3,0,236,train
3,0,237,train
3,0,238,train
3,0,239,train
3,0,240,train
3,0,241,train
3,0,242,train
3,0,243,train
3,0,244,train
3,0,245,train
3,0,246,train
3,0,247,train
3,0,248,train
3,0,249,train
3,0,250,train
3,0,251,train
3,0,252,train
3,0,253,train
3,0,254,train
3,0,255,train
3,0,256,train
3,0,257,train
3,0,258,train
3,0,259,train
3,0,260,train
3,0,261,train
3,0,262,train
3,0,263,train
3,0,264,train
3,0,265,train
3,0,266,train
3,0,267,train
3,0,268,train
3,0,269,train
3,0,270,train
3,0,271,train
3,0,272,train
3,0,273,train
3,0,274,train
3,0,275,train
3,0,276,train
3,0,277,train
3,0,278,train
3,0,279,train
3,0,280,train
3,0,281,train
3,0,282,train
3,0,283,train
3,0,284,train
3,0,285,train
3,0,286,train
3,0,287,train
3,0,288,train
3,0,289,train
3,0,290,train
3,0,291,train
3,0,292,train
3,0,293,train
3,0,294,train
3,0,295,train
3,0,296,train
3,0,297,train
3,0,298,train
3,0,299,train
3,0,300,train
3,0,301,train
3,0,302,train
3,0,303,train
3,0,304,train
3,0,305,train
3,0,306,train
3,0,307,train
3,0,308,val
3,0,309,test
3,0,310,test
3,0,311,test
3,0,312,test
3,0,313,test
3,0,314,test
3,0,315,train
3,0,316,train
3,0,317,train
3,0,318,train
3,0,319,train
3,0,320,train
3,0,321,train
3,0,322,train
3,0,323,train
3,0,324,train
3,0,325,train
3,0,326,train
3,0,327,train
3,0,328,train
3,0,329,train
3,0,330,train
3,0,331,train
3,0,332,train
3,0,333,train
3,0,334,train
3,0,335,train
3,0,336,train
3,0,337,train
3,0,338,train
3,0,339,train
3,0,340,train
3,0,341,train
3,0,342,train
3,0,343,train
3,0,344,train
3,0,345,train
3,0,346,train
3,0,347,train
3,0,348,train
3,0,349,train
3,0,350,train
3,0,351,train
3,0,352,train
3,0,353,train
3,0,354,train
3,0,355,train
3,0,356,train
3,0,357,train
3,0,358,train
3,0,359,train
3,0,360,train
3,0,361,train
3,0,362,train
3,0,363,train
3,0,364,train
3,0,365,train
3,0,366,train
3,0,367,train
3,0,368,train
3,0,369,train
3,0,370,train
3,0,371,train
3,0,372,train
3,0,373,train
3,0,374,train
3,0,375,train
3,0,376,train
3,0,377,train
3,0,378,train
3,0,379,train
3,0,380,train
3,0,381,train
3,0,382,train
3,0,383,train
3,0,384,train
3,0,385,train
3,0,386,train
3,0,387,train
3,0,388,train
3,0,389,train
3,0,390,train
3,0,391,train
3,0,392,train
3,0,393,train
3,0,394,train
3,0,395,train
3,0,396,train
3,0,397,train
3,0,398,train
3,0,399,train
3,0,400,train
3,0,401,train
3,0,402,train
3,0,403,train
3,0,404,train
3,0,405,train
3,0,406,train
3,0,407,train
3,0,408,train
3,0,409,train
3,0,410,train
3,0,411,train
3,0,412,train
3,0,413,train
3,0,414,train
3,0,415,train
3,0,416,train
3,0,417,train
3,0,418,train
3,0,419,train
3,0,420,train
3,0,421,train
3,0,422,train
3,0,423,train
3,0,424,train
3,0,425,train
3,0,426,train
3,0,427,train
3,0,428,train
3,0,429,train
3,0,430,test
3,0,431,test
3,0,432,test
3,0,433,test
3,0,434,test
3,0,435,test
3,0,436,test
3,0,437,test
3,0,438,test
3,0,439,train
3,0,440,train
3,0,441,train
3,0,442,train
3,0,443,train
3,0,444,train
3,0,445,train
3,0,446,train
3,0,447,train
3,0,448,train
3,0,449,train
3,0,450,train
3,0,451,train
3,0,452,train
3,0,453,train
3,0,454,train
3,0,455,train
3,0,456,train
3,0,457,train
3,0,458,train
3,0,459,val
3,0,460,val
3,0,461,val
3,0,462,val
3,0,463,val
3,0,464,val
3,0,465,val
3,0,466,val
3,0,467,test
3,0,468,test
3,0,469,test
3,0,470,test
3,0,471,test
3,0,472,val
3,0,473,val
3,0,474,val
3,0,475,val
3,0,476,val
3,0,477,val
3,0,478,val
3,0,479,val
3,0,480,val
3,0,481,val
3,0,482,val
3,0,483,val
3,0,484,val
3,0,485,val
3,0,486,val
3,0,487,val
3,0,488,val
3,0,489,val
3,0,490,val
3,0,491,val
3,0,492,val
3,0,493,val
3,0,494,val
3,0,495,val
3,0,496,val
3,0,497,val
3,0,498,val
3,0,499,val
3,0,500,val
3,0,501,val
3,0,502,val
3,0,503,val
3,0,504,val
3,0,505,val
3,0,506,val
3,0,507,val
3,0,508,val
3,0,509,val
3,0,510,val
3,0,511,val
3,0,512,val
3,0,513,val
3,0,514,val
3,0,515,val
3,0,516,val
3,0,517,val
3,0,518,val
3,0,519,val
3,0,520,val
3,0,521,val
3,0,522,val
3,0,523,train
3,0,524,train
3,0,525,train
3,0,526,train
3,0,527,train
3,0,528,train
3,0,529,train
3,0,530,train
3,0,531,train
3,0,532,train
3,0,533,train
3,0,534,train
3,0,535,train
3,0,536,test
3,0,537,test
3,0,538,test
3,0,539,test
3,0,540,test
3,0,541,test
3,0,542,test
3,0,543,test
3,0,544,test
3,0,545,test
3,0,546,test
3,0,547,train
3,0,548,train
3,0,549,val
3,1,0,train
3,1,1,test
3,1,2,test
3,1,3,test
3,1,4,test
3,1,5,test
3,1,6,test
3,1,7,test
3,1,8,test
3,1,9,test
3,1,10,test
3,1,11,test
3,1,12,test
3,1,13,test
3,1,14,test
3,1,15,test
3,1,16,test
3,1,17,test
3,1,18,test
3,1,19,test
3,1,20,test
3,1,21,test
3,1,22,test
3,1,23,test
3,1,24,test
3,1,25,test
3,1,26,test
3,1,27,test
3,1,28,test
3,1,29,test
3,1,30,test
3,1,31,test
3,1,32,val
3,1,33,val
3,1,34,val
3,1,35,val
3,1,36,val
3,1,37,val
3,1,38,val
3,1,39,train
3,1,40,train
3,1,41,train
3,1,42,train
3,1,43,train
3,1,44,train
3,1,45,train
3,1,46,train
3,1,47,train
3,1,48,train
3,1,49,train
3,1,50,train
3,1,51,train
3,1,52,train
3,1,53,val
3,1,54,val
3,1,55,val
3,1,56,val
3,1,57,train
3,1,58,train
3,1,59,train
3,1,60,train
3,1,61,train
3,1,62,train
3,1,63,train
3,1,64,train
3,1,65,train
3,1,66,train
3,1,67,train
3,1,68,train
3,1,69,train
3,1,70,train
3,1,71,train
3,1,72,train
3,1,73,train
3,1,74,train
3,1,75,train
3,1,76,train
3,1,77,train
3,1,78,train
3,1,79,train
3,1,80,train
3,1,81,train
3,1,82,train
3,1,83,train
3,1,84,train
3,1,85,train
3,1,86,train
3,1,87,train
3,1,88,train
3,1,89,train
3,1,90,train
3,1,91,train
3,1,92,train
3,1,93,train
3,1,94,train
3,1,95,train
3,1,96,train
3,1,97,train
3,1,98,train
3,1,99,train
3,1,100,train
3,1,101,train
3,1,102,train
3,1,103,train
3,1,104,test
3,1,105,test
3,1,106,test
3,1,107,train
3,1,108,train
3,1,109,train
3,1,110,train
3,1,111,train
3,1,112,train
3,1,113,train
3,1,114,train
3,1,115,train
3,1,116,train
3,1,117,train
3,1,118,train
3,1,119,train
3,1,120,train
3,1,121,train
3,1,122,train
3,1,123,train
3,1,124,train
3,1,125,train
3,1,126,train
3,1,127,train
3,1,128,train
3,1,129,train
3,1,130,train
3,1,131,train
3,1,132,train
3,1,133,train
3,1,134,train
3,1,135,train
3,1,136,train
3,1,137,train
3,1,138,train
3,1,139,train
3,1,140,train
3,1,141,test
3,1,142,test
3,1,143,test
3,1,144,test
3,1,145,train
3,1,146,train
3,1,147,train
3,1,148,train
3,1,149,train
3,1,150,train
3,1,151,train
3,1,152,train
3,1,153,train
3,1,154,train
3,1,155,train
3,1,156,train
3,1,157,train
3,1,158,train
3,1,159,train
3,1,160,train
3,1,161,train
3,1,162,train
3,1,163,train
3,1,164,train
3,1,165,train
3,1,166,test
3,1,167,val
3,1,168,train
3,1,169,train
3,1,170,train
3,1,171,train
3,1,172,train
3,1,173,test
3,1,174,test
3,1,175,test
3,1,176,test
3,1,177,test
3,1,178,test
3,1,179,test
3,1,180,test
3,1,181,train
3,1,182,train
3,1,183,train
3,1,184,train
3,1,185,train
3,1,186,train
3,1,187,train
3,1,188,train
3,1,189,train
3,1,190,train
3,1,191,train
3,1,192,train
3,1,193,train
3,1,194,train
3,1,195,train
3,1,196,train
3,1,197,train
3,1,198,train
3,1,199,train
3,1,200,train
3,1,201,train
3,1,202,train
3,1,203,train
3,1,204,train
3,1,205,train
3,1,206,train
3,1,207,train
3,1,208,train
3,1,209,train
3,1,210,train
3,1,211,train
3,1,212,train
3,1,213,train
3,1,214,train
3,1,215,train
3,1,216,train
3,1,217,train
3,1,218,train
3,1,219,train
3,1,220,train
3,1,221,train
3,1,222,train
3,1,223,train
3,1,224,train
3,1,225,train
3,1,226,train
3,1,227,train
3,1,228,train
3,1,229,train
3,1,230,train
3,1,231,train
3,1,232,train
3,1,233,train
3,1,234,train
3,1,235,train
3,1,236,train
3,1,237,train
3,1,238,train
3,1,239,train
3,1,240,train
3,1,241,train
3,1,242,train
3,1,243,train
3,1,244,test
3,1,245,test
3,1,246,test
3,1,247,test
3,1,248,test
3,1,249,test
3,1,250,test
3,1,251,test
3,1,252,train
3,1,253,train
3,1,254,train
3,1,255,train
3,1,256,train
3,1,257,train
3,1,258,train
3,1,259,train
3,1,260,train
3,1,261,train
3,1,262,test
3,1,263,test
3,1,264,test
3,1,265,test
3,1,266,test
3,1,267,test
3,1,268,test
3,1,269,test
3,1,270,train
3,1,271,train
3,1,272,train
3,1,273,train
3,1,274,train
3,1,275,train
3,1,276,train
3,1,277,train
3,1,278,train
3,1,279,train
3,1,280,train
3,1,281,val
3,1,282,val
3,1,283,val
3,1,284,val
3,1,285,val
3,1,286,val
3,1,287,val
3,1,288,val
3,1,289,val
3,1,290,val
3,1,291,val
3,1,292,val
3,1,293,val
3,1,294,val
3,1,295,val
3,1,296,val
3,1,297,val
3,1,298,val
3,1,299,val
3,1,300,val
3,1,301,val
3,1,302,val
3,1,303,test
3,1,304,test
3,1,305,train
3,1,306,test
3,1,307,train
3,1,308,train
3,1,309,train
3,1,310,train
3,1,311,train
3,1,312,train
3,1,313,train
3,1,314,train
3,1,315,train
3,1,316,train
3,1,317,train
3,1,318,train
3,1,319,train
3,1,320,train
3,1,321,train
3,1,322,train
3,1,323,train
3,1,324,train
3,1,325,train
3,1,326,train
3,1,327,train
3,1,328,train
3,1,329,train
3,1,330,train
3,1,331,train
3,1,332,train
3,1,333,train
3,1,334,train
3,1,335,train
3,1,336,train
3,1,337,train
3,1,338,train
3,1,339,train
3,1,340,train
3,1,341,train
3,1,342,train
3,1,343,train
3,1,344,train
3,1,345,train
3,1,346,train
3,1,347,train
3,1,348,train
3,1,349,train
3,1,350,train
3,1,351,train
3,1,352,train
3,1,353,train
3,1,354,train
3,1,355,train
3,1,356,train
3,1,357,train
3,1,358,train
3,1,359,train
3,1,360,train
3,1,361,train
3,1,362,train
3,1,363,train
3,1,364,train
3,1,365,train
3,1,366,train
3,1,367,train
3,1,368,train
3,1,369,train
3,1,370,train
3,1,371,train
3,1,372,train
3,1,373,train
3,1,374,train
3,1,375,train
3,1,376,train
3,1,377,train
3,1,378,train
3,1,379,train
3,1,380,train
3,1,381,train
3,1,382,train
3,1,383,train
3,1,384,train
3,1,385,train
3,1,386,train
3,1,387,train
3,1,388,train
3,1,389,train
3,1,390,train
3,1,391,train
3,1,392,train
3,1,393,train
3,1,394,train
3,1,395,train
3,1,396,train
3,1,397,train
3,1,398,train
3,1,399,train
3,1,400,train
3,1,401,train
3,1,402,train
3,1,403,train
3,1,404,train
3,1,405,test
3,1,406,test
3,1,407,train
3,1,408,test
3,1,409,train
3,1,410,train
3,1,411,train
3,1,412,train
3,1,413,train
3,1,414,train
3,1,415,train
3,1,416,train
3,1,417,train
3,1,418,train
3,1,419,train
3,1,420,train
3,1,421,train
3,1,422,train
3,1,423,train
3,1,424,train
3,1,425,train
3,1,426,train
3,1,427,train
3,1,428,train
3,1,429,train
3,1,430,train
3,1,431,train
3,1,432,train
3,1,433,train
3,1,434,train
3,1,435,train
3,1,436,train
3,1,437,train
3,1,438,train
3,1,439,train
3,1,440,train
3,1,441,train
3,1,442,train
3,1,443,train
3,1,444,train
3,1,445,train
3,1,446,train
3,1,447,train
3,1,448,val
3,1,449,val
3,1,450,val
3,1,451,val
3,1,452,val
3,1,453,val
3,1,454,val
3,1,455,val
3,1,456,val
3,1,457,val
3,1,458,val
3,1,459,test
3,1,460,test
3,1,461,test
3,1,462,test
3,1,463,test
3,1,464,test
3,1,465,test
3,1,466,test
3,1,467,train
3,1,468,train
3,1,469,train
3,1,470,train
3,1,471,train
3,1,472,test
3,1,473,test
3,1,474,train
3,1,475,train
3,1,476,train
3,1,477,train
3,1,478,train
3,1,479,train
3,1,480,train
3,1,481,train
3,1,482,train
3,1,483,train
3,1,484,train
3,1,485,train
3,1,486,train
3,1,487,train
3,1,488,train
3,1,489,train
3,1,490,train
3,1,491,train
3,1,492,train
3,1,493,train
3,1,494,train
3,1,495,train
3,1,496,train
3,1,497,train
3,1,498,train
3,1,499,train
3,1,500,train
3,1,501,train
3,1,502,train
3,1,503,train
3,1,504,train
3,1,505,train
3,1,506,train
3,1,507,train
3,1,508,train
3,1,509,train
3,1,510,train
3,1,511,train
3,1,512,train
3,1,513,train
3,1,514,train
3,1,515,train
3,1,516,train
3,1,517,train
3,1,518,train
3,1,519,train
3,1,520,train
3,1,521,train
3,1,522,train
3,1,523,train
3,1,524,train
3,1,525,train
3,1,526,train
3,1,527,train
3,1,528,train
3,1,529,train
3,1,530,train
3,1,531,train
3,1,532,train
3,1,533,train
3,1,534,train
3,1,535,train
3,1,536,train
3,1,537,train
3,1,538,train
3,1,539,train
3,1,540,train
3,1,541,train
3,1,542,train
3,1,543,train
3,1,544,train
3,1,545,train
3,1,546,train
3,1,547,val
3,1,548,train
3,1,549,test
3,2,0,train
3,2,1,train
3,2,2,train
3,2,3,train
3,2,4,train
3,2,5,train
3,2,6,train
3,2,7,train
3,2,8,train
3,2,9,train
3,2,10,train
3,2,11,train
3,2,12,train
3,2,13,train
3,2,14,train
3,2,15,train
3,2,16,train
3,2,17,train
3,2,18,train
3,2,19,train
3,2,20,train
3,2,21,train
3,2,22,train
3,2,23,train
3,2,24,train
3,2,25,train
3,2,26,train
3,2,27,train
3,2,28,train
3,2,29,train
3,2,30,train
3,2,31,train
3,2,32,train
3,2,33,train
3,2,34,train
3,2,35,train
3,2,36,train
3,2,37,train
3,2,38,train
3,2,39,train
3,2,40,test
3,2,41,test
3,2,42,test
3,2,43,test
3,2,44,test
3,2,45,test
3,2,46,test
3,2,47,test
3,2,48,test
3,2,49,test
3,2,50,test
3,2,51,test
3,2,52,test
3,2,53,test
3,2,54,test
3,2,55,test
3,2,56,test
3,2,57,train
3,2,58,train
3,2,59,train
3,2,60,train
3,2,61,train
3,2,62,train
3,2,63,train
3,2,64,train
3,2,65,train
3,2,66,train
3,2,67,train
3,2,68,train
3,2,69,train
3,2,70,train
3,2,71,train
3,2,72,train
3,2,73,train
3,2,74,train
3,2,75,train
3,2,76,train
3,2,77,train
3,2,78,train
3,2,79,train
3,2,80,train
3,2,81,train
3,2,82,train
3,2,83,train
3,2,84,train
3,2,85,train
3,2,86,train
3,2,87,train
3,2,88,train
3,2,89,train
3,2,90,train
3,2,91,train
3,2,92,train
3,2,93,train
3,2,94,train
3,2,95,train
3,2,96,test
3,2,97,test
3,2,98,test
3,2,99,test
3,2,100,test
3,2,101,test
3,2,102,test
3,2,103,test
3,2,104,train
3,2,105,train
3,2,106,train
3,2,107,train
3,2,108,train
3,2,109,train
3,2,110,train
3,2,111,train
3,2,112,train
3,2,113,train
3,2,114,train
3,2,115,train
3,2,116,train
3,2,117,train
3,2,118,train
3,2,119,train
3,2,120,train
3,2,121,train
3,2,122,train
3,2,123,train
3,2,124,train
3,2,125,train
3,2,126,train
3,2,127,train
3,2,128,train
3,2,129,train
3,2,130,train
3,2,131,test
3,2,132,test
3,2,133,test
3,2,134,test
3,2,135,test
3,2,136,test
3,2,137,test
3,2,138,test
3,2,139,test
3,2,140,test
3,2,141,val
3,2,142,val
3,2,143,val
3,2,144,val
3,2,145,train
3,2,146,test
3,2,147,test
3,2,148,test
3,2,149,test
3,2,150,test
3,2,151,test
3,2,152,test
3,2,153,test
3,2,154,train
3,2,155,train
3,2,156,train
3,2,157,train
3,2,158,train
3,2,159,train
3,2,160,train
3,2,161,train
3,2,162,train
3,2,163,train
3,2,164,train
3,2,165,test
3,2,166,train
3,2,167,test
3,2,168,test
3,2,169,test
3,2,170,test
3,2,171,test
3,2,172,test
3,2,173,train
3,2,174,train
3,2,175,train
3,2,176,train
3,2,177,train
3,2,178,train
3,2,179,train
3,2,180,train
3,2,181,train
3,2,182,train
3,2,183,train
3,2,184,train
3,2,185,train
3,2,186,train
3,2,187,val
3,2,188,val
3,2,189,val
3,2,190,val
3,2,191,val
3,2,192,val
3,2,193,val
3,2,194,val
3,2,195,val
3,2,196,val
3,2,197,val
3,2,198,val
3,2,199,val
3,2,200,val
3,2,201,test
3,2,202,test
3,2,203,test
3,2,204,test
3,2,205,test
3,2,206,test
3,2,207,test
3,2,208,test
3,2,209,test
3,2,210,test
3,2,211,test
3,2,212,test
3,2,213,test
3,2,214,test
3,2,215,test
3,2,216,test
3,2,217,test
3,2,218,test
3,2,219,test
3,2,220,test
3,2,221,test
3,2,222,test
3,2,223,test
3,2,224,test
3,2,225,test
3,2,226,test
3,2,227,test
3,2,228,test
3,2,229,test
3,2,230,test
3,2,231,test
3,2,232,test
3,2,233,test
3,2,234,test
3,2,235,test
3,2,236,test
3,2,237,test
3,2,238,test
3,2,239,test
3,2,240,test
3,2,241,test
3,2,242,test
3,2,243,train
3,2,244,val
3,2,245,val
3,2,246,val
3,2,247,val
3,2,248,train
3,2,249,train
3,2,250,train
3,2,251,train
3,2,252,train
3,2,253,train
3,2,254,train
3,2,255,test
3,2,256,test
3,2,257,test
3,2,258,test
3,2,259,test
3,2,260,test
3,2,261,test
3,2,262,train
3,2,263,train
3,2,264,train
3,2,265,train
3,2,266,train
3,2,267,train
3,2,268,train
3,2,269,train
3,2,270,test
3,2,271,test
3,2,272,test
3,2,273,test
3,2,274,test
3,2,275,test
3,2,276,test
3,2,277,test
3,2,278,test
3,2,279,test
3,2,280,test
3,2,281,test
3,2,282,test
3,2,283,test
3,2,284,test
3,2,285,test
3,2,286,test
3,2,287,test
3,2,288,test
3,2,289,test
3,2,290,test
3,2,291,test
3,2,292,test
3,2,293,test
3,2,294,test
3,2,295,test
3,2,296,test
3,2,297,test
3,2,298,test
3,2,299,test
3,2,300,test
3,2,301,test
3,2,302,test
3,2,303,train
3,2,304,train
3,2,305,train
3,2,306,train
3,2,307,train
3,2,308,test
3,2,309,train
3,2,310,train
3,2,311,train
3,2,312,train
3,2,313,train
3,2,314,train
3,2,315,test
3,2,316,test
3,2,317,test
3,2,318,test
3,2,319,test
3,2,320,test
3,2,321,test
3,2,322,test
3,2,323,test
3,2,324,test
3,2,325,test
3,2,326,test
3,2,327,test
3,2,328,test
3,2,329,test
3,2,330,test
3,2,331,test
3,2,332,test
3,2,333,test
3,2,334,test
3,2,335,test
3,2,336,test
3,2,337,test
3,2,338,test
3,2,339,test
3,2,340,test
3,2,341,test
3,2,342,test
3,2,343,test
3,2,344,test
3,2,345,test
3,2,346,test
3,2,347,test
3,2,348,test
3,2,349,test
3,2,350,test
3,2,351,test
3,2,352,test
3,2,353,test
3,2,354,test
3,2,355,test
3,2,356,test
3,2,357,test
3,2,358,test
3,2,359,test
3,2,360,test
3,2,361,test
3,2,362,test
3,2,363,test
3,2,364,test
3,2,365,test
3,2,366,test
3,2,367,test
3,2,368,test
3,2,369,test
3,2,370,test
3,2,371,test
3,2,372,test
3,2,373,test
3,2,374,test
3,2,375,test
3,2,376,test
3,2,377,test
3,2,378,test
3,2,379,test
3,2,380,test
3,2,381,test
3,2,382,test
3,2,383,test
3,2,384,test
3,2,385,test
3,2,386,test
3,2,387,test
3,2,388,test
3,2,389,test
3,2,390,test
3,2,391,test
3,2,392,test
3,2,393,train
3,2,394,train
3,2,395,train
3,2,396,train
3,2,397,train
3,2,398,train
3,2,399,train
3,2,400,train
3,2,401,train
3,2,402,train
3,2,403,train
3,2,404,train
3,2,405,val
3,2,406,train
3,2,407,train
3,2,408,train
3,2,409,train
3,2,410,train
3,2,411,train
3,2,412,train
3,2,413,train
3,2,414,train
3,2,415,train
3,2,416,train
3,2,417,train
3,2,418,train
3,2,419,train
3,2,420,train
3,2,421,train
3,2,422,train
3,2,423,train
3,2,424,train
3,2,425,train
3,2,426,train
3,2,427,train
3,2,428,train
3,2,429,train
3,2,430,train
3,2,431,train
3,2,432,train
3,2,433,train
3,2,434,train
3,2,435,train
3,2,436,train
3,2,437,train
3,2,438,train
3,2,439,train
3,2,440,train
3,2,441,train
3,2,442,train
3,2,443,train
3,2,444,train
3,2,445,train
3,2,446,train
3,2,447,train
3,2,448,test
3,2,449,test
3,2,450,test
3,2,451,test
3,2,452,test
3,2,453,test
3,2,454,test
3,2,455,test
3,2,456,test
3,2,457,test
3,2,458,test
3,2,459,train
3,2,460,train
3,2,461,train
3,2,462,train
3,2,463,train
3,2,464,train
3,2,465,train
3,2,466,train
3,2,467,train
3,2,468,train
3,2,469,train
3,2,470,train
3,2,471,train
3,2,472,train
3,2,473,train
3,2,474,test
3,2,475,test
3,2,476,test
3,2,477,test
3,2,478,test
3,2,479,test
3,2,480,test
3,2,481,test
3,2,482,test
3,2,483,test
3,2,484,test
3,2,485,test
3,2,486,test
3,2,487,test
3,2,488,test
3,2,489,test
3,2,490,test
3,2,491,test
3,2,492,test
3,2,493,test
3,2,494,test
3,2,495,test
3,2,496,test
3,2,497,test
3,2,498,test
3,2,499,test
3,2,500,test
3,2,501,test
3,2,502,test
3,2,503,test
3,2,504,test
3,2,505,test
3,2,506,test
3,2,507,test
3,2,508,test
3,2,509,test
3,2,510,test
3,2,511,test
3,2,512,test
3,2,513,test
3,2,514,test
3,2,515,test
3,2,516,test
3,2,517,test
3,2,518,test
3,2,519,test
3,2,520,test
3,2,521,test
3,2,522,test
3,2,523,train
3,2,524,train
3,2,525,train
3,2,526,train
3,2,527,train
3,2,528,test
3,2,529,test
3,2,530,test
3,2,531,test
3,2,532,test
3,2,533,test
3,2,534,test
3,2,535,test
3,2,536,train
3,2,537,train
3,2,538,train
3,2,539,train
3,2,540,train
3,2,541,train
3,2,542,train
3,2,543,train
3,2,544,train
3,2,545,train
3,2,546,train
3,2,547,train
3,2,548,test
3,2,549,train
3,3,0,test
3,3,1,train
3,3,2,train
3,3,3,train
3,3,4,train
3,3,5,train
3,3,6,train
3,3,7,train
3,3,8,train
3,3,9,train
3,3,10,train
3,3,11,train
3,3,12,train
3,3,13,train
3,3,14,train
3,3,15,train
3,3,16,train
3,3,17,train
3,3,18,train
3,3,19,train
3,3,20,train
3,3,21,train
3,3,22,train
3,3,23,train
3,3,24,train
3,3,25,train
3,3,26,train
3,3,27,train
3,3,28,train
3,3,29,train
3,3,30,train
3,3,31,train
3,3,32,val
3,3,33,val
3,3,34,val
3,3,35,val
3,3,36,val
3,3,37,val
3,3,38,val
3,3,39,test
3,3,40,train
3,3,41,train
3,3,42,train
3,3,43,train
3,3,44,train
3,3,45,train
3,3,46,train
3,3,47,train
3,3,48,train
3,3,49,train
3,3,50,train
3,3,51,train
3,3,52,train
3,3,53,val
3,3,54,val
3,3,55,val
3,3,56,val
3,3,57,train
3,3,58,train
3,3,59,train
3,3,60,train
3,3,61,train
3,3,62,train
3,3,63,train
3,3,64,train
3,3,65,train
3,3,66,train
3,3,67,train
3,3,68,train
3,3,69,train
3,3,70,train
3,3,71,train
3,3,72,train
3,3,73,train
3,3,74,train
3,3,75,train
3,3,76,train
3,3,77,train
3,3,78,train
3,3,79,train
3,3,80,train
3,3,81,train
3,3,82,train
3,3,83,train
3,3,84,train
3,3,85,train
3,3,86,train
3,3,87,train
3,3,88,train
3,3,89,train
3,3,90,train
3,3,91,train
3,3,92,train
3,3,93,train
3,3,94,train
3,3,95,train
3,3,96,train
3,3,97,train
3,3,98,train
3,3,99,train
3,3,100,train
3,3,101,train
3,3,102,train
3,3,103,train
3,3,104,train
3,3,105,train
3,3,106,train
3,3,107,test
3,3,108,test
3,3,109,test
3,3,110,test
3,3,111,test
3,3,112,test
3,3,113,test
3,3,114,test
3,3,115,test
3,3,116,test
3,3,117,test
3,3,118,test
3,3,119,train
3,3,120,train
3,3,121,train
3,3,122,train
3,3,123,train
3,3,124,train
3,3,125,train
3,3,126,train
3,3,127,train
3,3,128,train
3,3,129,train
3,3,130,train
3,3,131,train
3,3,132,train
3,3,133,train
3,3,134,train
3,3,135,train
3,3,136,train
3,3,137,train
3,3,138,train
3,3,139,train
3,3,140,train
3,3,141,train
3,3,142,train
3,3,143,train
3,3,144,train
3,3,145,train
3,3,146,val
3,3,147,val
3,3,148,val
3,3,149,val
3,3,150,val
3,3,151,val
3,3,152,val
3,3,153,val
3,3,154,train
3,3,155,test
3,3,156,test
3,3,157,test
3,3,158,test
3,3,159,test
3,3,160,test
3,3,161,test
3,3,162,test
3,3,163,test
3,3,164,test
3,3,165,train
3,3,166,train
3,3,167,train
3,3,168,train
3,3,169,train
3,3,170,train
3,3,171,train
3,3,172,train
3,3,173,train
3,3,174,train
3,3,175,train
3,3,176,train
3,3,177,train
3,3,178,train
3,3,179,train
3,3,180,train
3,3,181,train
3,3,182,train
3,3,183,train
3,3,184,train
3,3,185,train
3,3,186,test
3,3,187,test
3,3,188,test
3,3,189,test
3,3,190,test
3,3,191,test
3,3,192,test
3,3,193,test
3,3,194,test
3,3,195,test
3,3,196,test
3,3,197,test
3,3,198,test
3,3,199,test
3,3,200,test
3,3,201,train
3,3,202,train
3,3,203,train
3,3,204,train
3,3,205,train
3,3,206,train
3,3,207,train
3,3,208,train
3,3,209,train
3,3,210,train
3,3,211,train
3,3,212,train
3,3,213,train
3,3,214,train
3,3,215,train
3,3,216,train
3,3,217,train
3,3,218,train
3,3,219,train
3,3,220,train
3,3,221,train
3,3,222,train
3,3,223,train
3,3,224,train
3,3,225,train
3,3,226,train
3,3,227,train
3,3,228,train
3,3,229,train
3,3,230,train
3,3,231,train
3,3,232,train
3,3,233,train
3,3,234,train
3,3,235,train
3,3,236,train
3,3,237,train
3,3,238,train
3,3,239,train
3,3,240,train
3,3,241,train
3,3,242,train
3,3,243,test
3,3,244,train
3,3,245,train
3,3,246,train
3,3,247,train
3,3,248,train
3,3,249,train
3,3,250,train
3,3,251,train
3,3,252,test
3,3,253,test
3,3,254,test
3,3,255,train
3,3,256,train
3,3,257,train
3,3,258,train
3,3,259,train
3,3,260,train
3,3,261,train
3,3,262,train
3,3,263,train
3,3,264,train
3,3,265,train
3,3,266,train
3,3,267,train
3,3,268,train
3,3,269,train
3,3,270,train
3,3,271,train
3,3,272,train
3,3,273,train
3,3,274,train
3,3,275,train
3,3,276,train
3,3,277,train
3,3,278,train
3,3,279,train
3,3,280,train
3,3,281,train
3,3,282,train
3,3,283,train
3,3,284,train
3,3,285,train
3,3,286,train
3,3,287,train
3,3,288,train
3,3,289,train
3,3,290,train
3,3,291,train
3,3,292,train
3,3,293,train
3,3,294,train
3,3,295,train
3,3,296,train
3,3,297,train
3,3,298,train
3,3,299,train
3,3,300,train
3,3,301,train
3,3,302,train
3,3,303,train
3,3,304,train
3,3,305,test
3,3,306,train
3,3,307,test
3,3,308,train
3,3,309,train
3,3,310,train
3,3,311,train
3,3,312,train
3,3,313,train
3,3,314,train
3,3,315,train
3,3,316,train
3,3,317,train
3,3,318,train
3,3,319,train
3,3,320,train
3,3,321,train
3,3,322,train
3,3,323,train
3,3,324,train
3,3,325,train
3,3,326,train
3,3,327,train
3,3,328,train
3,3,329,train
3,3,330,train
3,3,331,train
3,3,332,train
3,3,333,train
3,3,334,train
3,3,335,train
3,3,336,train
3,3,337,train
3,3,338,train
3,3,339,train
3,3,340,train
3,3,341,train
3,3,342,train
3,3,343,train
3,3,344,train
3,3,345,train
3,3,346,train
3,3,347,train
3,3,348,train
3,3,349,train
3,3,350,train
3,3,351,train
3,3,352,train
3,3,353,train
3,3,354,train
3,3,355,train
3,3,356,train
3,3,357,train
3,3,358,train
3,3,359,train
3,3,360,train
3,3,361,train
3,3,362,train
3,3,363,train
3,3,364,train
3,3,365,train
3,3,366,train
3,3,367,train
3,3,368,train
3,3,369,train
3,3,370,train
3,3,371,train
3,3,372,train
3,3,373,train
3,3,374,train
3,3,375,train
3,3,376,train
3,3,377,train
3,3,378,train
3,3,379,train
3,3,380,train
3,3,381,train
3,3,382,train
3,3,383,train
3,3,384,train
3,3,385,train
3,3,386,train
3,3,387,train
3,3,388,train
3,3,389,train
3,3,390,train
3,3,391,train
3,3,392,train
3,3,393,test
3,3,394,test
3,3,395,test
3,3,396,test
3,3,397,test
3,3,398,test
3,3,399,test
3,3,400,test
3,3,401,test
3,3,402,test
3,3,403,test
3,3,404,test
3,3,405,train
3,3,406,train
3,3,407,test
3,3,408,val
3,3,409,test
3,3,410,test
3,3,411,test
3,3,412,test
3,3,413,test
3,3,414,test
3,3,415,test
3,3,416,test
3,3,417,test
3,3,418,test
3,3,419,test
3,3,420,test
3,3,421,test
3,3,422,test
3,3,423,test
3,3,424,test
3,3,425,test
3,3,426,test
3,3,427,test
3,3,428,test
3,3,429,test
3,3,430,train
3,3,431,train
3,3,432,train
3,3,433,train
3,3,434,train
3,3,435,train
3,3,436,train
3,3,437,train
3,3,438,train
3,3,439,test
3,3,440,test
3,3,441,test
3,3,442,test
3,3,443,test
3,3,444,test
3,3,445,test
3,3,446,test
3,3,447,test
3,3,448,train
3,3,449,train
3,3,450,train
3,3,451,train
3,3,452,train
3,3,453,train
3,3,454,train
3,3,455,train
3,3,456,train
3,3,457,train
3,3,458,train
3,3,459,val
3,3,460,val
3,3,461,val
3,3,462,val
3,3,463,val
3,3,464,val
3,3,465,val
3,3,466,val
3,3,467,train
3,3,468,train
3,3,469,train
3,3,470,train
3,3,471,train
3,3,472,train
3,3,473,train
3,3,474,train
3,3,475,train
3,3,476,train
3,3,477,train
3,3,478,train
3,3,479,train
3,3,480,train
3,3,481,train
3,3,482,train
3,3,483,train
3,3,484,train
3,3,485,train
3,3,486,train
3,3,487,train
3,3,488,train
3,3,489,train
3,3,490,train
3,3,491,train
3,3,492,train
3,3,493,train
3,3,494,train
3,3,495,train
3,3,496,train
3,3,497,train
3,3,498,train
3,3,499,train
3,3,500,train
3,3,501,train
3,3,502,train
3,3,503,train
3,3,504,train
3,3,505,train
3,3,506,train
3,3,507,train
3,3,508,train
3,3,509,train
3,3,510,train
3,3,511,train
3,3,512,train
3,3,513,train
3,3,514,train
3,3,515,train
3,3,516,train
3,3,517,train
3,3,518,train
3,3,519,train
3,3,520,train
3,3,521,train
3,3,522,train
3,3,523,test
3,3,524,test
3,3,525,test
3,3,526,test
3,3,527,test
3,3,528,train
3,3,529,train
3,3,530,train
3,3,531,train
3,3,532,train
3,3,533,train
3,3,534,train
3,3,535,train
3,3,536,val
3,3,537,val
3,3,538,val
3,3,539,val
3,3,540,val
3,3,541,val
3,3,542,val
3,3,543,val
3,3,544,val
3,3,545,val
3,3,546,val
3,3,547,test
3,3,548,train
3,3,549,train
4,0,0,train
4,0,1,val
4,0,2,train
4,0,3,train
4,0,4,train
4,0,5,train
4,0,6,train
4,0,7,train
4,0,8,train
4,0,9,train
4,0,10,train
4,0,11,train
4,0,12,train
4,0,13,train
4,0,14,train
4,0,15,train
4,0,16,train
4,0,17,train
4,0,18,train
4,0,19,train
4,0,20,train
4,0,21,train
4,0,22,train
4,0,23,train
4,0,24,train
4,0,25,train
4,0,26,train
4,0,27,train
4,0,28,train
4,0,29,train
4,0,30,train
4,0,31,train
4,0,32,train
4,0,33,train
4,0,34,train
4,0,35,train
4,0,36,train
4,0,37,train
4,0,38,train
4,0,39,train
4,0,40,train
4,0,41,train
4,0,42,train
4,0,43,train
4,0,44,train
4,0,45,train
4,0,46,train
4,0,47,train
4,0,48,train
4,0,49,train
4,0,50,train
4,0,51,train
4,0,52,train
4,0,53,test
4,0,54,test
4,0,55,test
4,0,56,test
4,0,57,val
4,0,58,val
4,0,59,val
4,0,60,val
4,0,61,val
4,0,62,val
4,0,63,val
4,0,64,val
4,0,65,val
4,0,66,val
4,0,67,val
4,0,68,val
4,0,69,val
4,0,70,val
4,0,71,val
4,0,72,val
4,0,73,val
4,0,74,val
4,0,75,val
4,0,76,val
4,0,77,val
4,0,78,val
4,0,79,val
4,0,80,val
4,0,81,val
4,0,82,val
4,0,83,val
4,0,84,val
4,0,85,val
4,0,86,val
4,0,87,val
4,0,88,val
4,0,89,val
4,0,90,val
4,0,91,val
4,0,92,val
4,0,93,val
4,0,94,val
4,0,95,val
4,0,96,train
4,0,97,train
4,0,98,train
4,0,99,train
4,0,100,train
4,0,101,train
4,0,102,train
4,0,103,train
4,0,104,train
4,0,105,train
4,0,106,train
4,0,107,train
4,0,108,train
4,0,109,train
4,0,110,train
4,0,111,train
4,0,112,train
4,0,113,train
4,0,114,train
4,0,115,val
4,0,116,val
4,0,117,val
4,0,118,val
4,0,119,train
4,0,120,train
4,0,121,train
4,0,122,train
4,0,123,train
4,0,124,train
4,0,125,train
4,0,126,train
4,0,127,train
4,0,128,train
4,0,129,train
4,0,130,train
4,0,131,train
4,0,132,train
4,0,133,train
4,0,134,train
4,0,135,train
4,0,136,train
4,0,137,train
4,0,138,train
4,0,139,train
4,0,140,train
4,0,141,train
4,0,142,train
4,0,143,train
4,0,144,train
4,0,145,train
4,0,146,train
4,0,147,train
4,0,148,train
4,0,149,train
4,0,150,train
4,0,151,train
4,0,152,train
4,0,153,train
4,0,154,test
4,0,155,train
4,0,156,train
4,0,157,train
4,0,158,train
4,0,159,train
4,0,160,train
4,0,161,train
4,0,162,train
4,0,163,train
4,0,164,train
4,0,165,test
4,0,166,train
4,0,167,train
4,0,168,val
4,0,169,val
4,0,170,val
4,0,171,val
4,0,172,val
4,0,173,train
4,0,174,train
4,0,175,train
4,0,176,train
4,0,177,train
4,0,178,train
4,0,179,train
4,0,180,train
4,0,181,train
4,0,182,train
4,0,183,train
4,0,184,train
4,0,185,train
4,0,186,train
4,0,187,test
4,0,188,test
4,0,189,test
4,0,190,test
4,0,191,test
4,0,192,test
4,0,193,test
4,0,194,test
4,0,195,test
4,0,196,test
4,0,197,test
4,0,198,test
4,0,199,test
4,0,200,test
4,0,201,train
4,0,202,train
4,0,203,train
4,0,204,train
4,0,205,train
4,0,206,train
4,0,207,train
4,0,208,train
4,0,209,train
4,0,210,train
4,0,211,train
4,0,212,train
4,0,213,train
4,0,214,train
4,0,215,train
4,0,216,train
4,0,217,train
4,0,218,train
4,0,219,train
4,0,220,train
4,0,221,train
4,0,222,train
4,0,223,train
4,0,224,train
4,0,225,train
4,0,226,train
4,0,227,train
4,0,228,train
4,0,229,train
4,0,230,train
4,0,231,train
4,0,232,train
4,0,233,train
4,0,234,train
4,0,235,train
4,0,236,train
4,0,237,train
4,0,238,train
4,0,239,train
4,0,240,train
4,0,241,train
4,0,242,train
4,0,243,train
4,0,244,train
4,0,245,train
4,0,246,train
4,0,247,train
4,0,248,train
4,0,249,train
4,0,250,train
4,0,251,train
4,0,252,train
4,0,253,train
4,0,254,train
4,0,255,train
4,0,256,train
4,0,257,train
4,0,258,train
4,0,259,train
4,0,260,train
4,0,261,train
4,0,262,train
4,0,263,train
4,0,264,train
4,0,265,train
4,0,266,train
4,0,267,train
4,0,268,train
4,0,269,train
4,0,270,train
4,0,271,train
4,0,272,train
4,0,273,train
4,0,274,train
4,0,275,train
4,0,276,train
4,0,277,train
4,0,278,train
4,0,279,train
4,0,280,train
4,0,281,train
4,0,282,train
4,0,283,train
4,0,284,train
4,0,285,train
4,0,286,train
4,0,287,train
4,0,288,train
4,0,289,train
4,0,290,train
4,0,291,train
4,0,292,train
4,0,293,train
4,0,294,train
4,0,295,train
4,0,296,train
4,0,297,train
4,0,298,train
4,0,299,train
4,0,300,train
4,0,301,train
4,0,302,train
4,0,303,train
4,0,304,test
4,0,305,train
4,0,306,test
4,0,307,test
4,0,308,train
4,0,309,train
4,0,310,train
4,0,311,train
4,0,312,train
4,0,313,train
4,0,314,train
4,0,315,train
4,0,316,train
4,0,317,train
4,0,318,train
4,0,319,train
4,0,320,train
4,0,321,train
4,0,322,train
4,0,323,train
4,0,324,train
4,0,325,train
4,0,326,train
4,0,327,train
4,0,328,train
4,0,329,train
4,0,330,train
4,0,331,train
4,0,332,train
4,0,333,train
4,0,334,train
4,0,335,train
4,0,336,train
4,0,337,train
4,0,338,train
4,0,339,train
4,0,340,train
4,0,341,train
4,0,342,train
4,0,343,train
4,0,344,train
4,0,345,train
4,0,346,train
4,0,347,train
4,0,348,train
4,0,349,train
4,0,350,train
4,0,351,train
4,0,352,train
4,0,353,train
4,0,354,train
4,0,355,train
4,0,356,train
4,0,357,train
4,0,358,train
4,0,359,train
4,0,360,train
4,0,361,train
4,0,362,train
4,0,363,train
4,0,364,train
4,0,365,train
4,0,366,train
4,0,367,train
4,0,368,train
4,0,369,train
4,0,370,train
4,0,371,train
4,0,372,train
4,0,373,train
4,0,374,train
4,0,375,train
4,0,376,train
4,0,377,train
4,0,378,train
4,0,379,train
4,0,380,train
4,0,381,train
4,0,382,train
4,0,383,train
4,0,384,train
4,0,385,train
4,0,386,train
4,0,387,train
4,0,388,train
4,0,389,train
4,0,390,train
4,0,391,train
4,0,392,train
4,0,393,train
4,0,394,train
4,0,395,train
4,0,396,train
4,0,397,train
4,0,398,train
4,0,399,train
4,0,400,train
4,0,401,train
4,0,402,train
4,0,403,train
4,0,404,train
4,0,405,train
4,0,406,train
4,0,407,train
4,0,408,test
4,0,409,test
4,0,410,test
4,0,411,test
4,0,412,test
4,0,413,test
4,0,414,test
4,0,415,test
4,0,416,test
4,0,417,train
4,0,418,train
4,0,419,train
4,0,420,train
4,0,421,train
4,0,422,train
4,0,423,train
4,0,424,train
4,0,425,train
4,0,426,train
4,0,427,train
4,0,428,train
4,0,429,train
4,0,430,train
4,0,431,train
4,0,432,train
4,0,433,train
4,0,434,train
4,0,435,train
4,0,436,train
4,0,437,train
4,0,438,train
4,0,439,test
4,0,440,test
4,0,441,test
4,0,442,test
4,0,443,test
4,0,444,test
4,0,445,test
4,0,446,test
4,0,447,test
4,0,448,train
4,0,449,train
4,0,450,train
4,0,451,train
4,0,452,train
4,0,453,train
4,0,454,train
4,0,455,train
4,0,456,train
4,0,457,train
4,0,458,train
4,0,459,train
4,0,460,train
4,0,461,train
4,0,462,train
4,0,463,train
4,0,464,train
4,0,465,train
4,0,466,train
4,0,467,train
4,0,468,train
4,0,469,train
4,0,470,train
4,0,471,train
4,0,472,train
4,0,473,train
4,0,474,train
4,0,475,train
4,0,476,train
4,0,477,train
4,0,478,train
4,0,479,train
4,0,480,train
4,0,481,train
4,0,482,train
4,0,483,train
4,0,484,train
4,0,485,train
4,0,486,train
4,0,487,train
4,0,488,train
4,0,489,train
4,0,490,train
4,0,491,train
4,0,492,train
4,0,493,train
4,0,494,train
4,0,495,train
4,0,496,train
4,0,497,train
4,0,498,train
4,0,499,train
4,0,500,train
4,0,501,train
4,0,502,train
4,0,503,train
4,0,504,train
4,0,505,train
4,0,506,train
4,0,507,train
4,0,508,train
4,0,509,train
4,0,510,train
4,0,511,train
4,0,512,train
4,0,513,train
4,0,514,train
4,0,515,train
4,0,516,train
4,0,517,train
4,0,518,train
4,0,519,train
4,0,520,train
4,0,521,train
4,0,522,train
4,0,523,train
4,0,524,train
4,0,525,train
4,0,526,train
4,0,527,train
4,0,528,train
4,0,529,train
4,0,530,train
4,0,531,train
4,0,532,train
4,0,533,train
4,0,534,train
4,0,535,train
4,0,536,train
4,0,537,train
4,0,538,train
4,0,539,train
4,0,540,train
4,0,541,train
4,0,542,train
4,0,543,train
4,0,544,train
4,0,545,train
4,0,546,train
4,0,547,train
4,0,548,val
4,0,549,train
4,1,0,test
4,1,1,train
4,1,2,train
4,1,3,train
4,1,4,train
4,1,5,train
4,1,6,train
4,1,7,train
4,1,8,train
4,1,9,train
4,1,10,train
4,1,11,train
4,1,12,train
4,1,13,train
4,1,14,train
4,1,15,train
4,1,16,train
4,1,17,train
4,1,18,train
4,1,19,train
4,1,20,train
4,1,21,train
4,1,22,train
4,1,23,train
4,1,24,train
4,1,25,train
4,1,26,train
4,1,27,train
4,1,28,train
4,1,29,train
4,1,30,train
4,1,31,train
4,1,32,train
4,1,33,train
4,1,34,train
4,1,35,train
4,1,36,train
4,1,37,train
4,1,38,train
4,1,39,train
4,1,40,train
4,1,41,train
4,1,42,train
4,1,43,train
4,1,44,train
4,1,45,train
4,1,46,train
4,1,47,train
4,1,48,train
4,1,49,train
4,1,50,train
4,1,51,train
4,1,52,train
4,1,53,train
4,1,54,train
4,1,55,train
4,1,56,train
4,1,57,train
4,1,58,train
4,1,59,train
4,1,60,train
4,1,61,train
4,1,62,train
4,1,63,train
4,1,64,train
4,1,65,train
4,1,66,train
4,1,67,train
4,1,68,train
4,1,69,train
4,1,70,train
4,1,71,train
4,1,72,train
4,1,73,train
4,1,74,train
4,1,75,train
4,1,76,train
4,1,77,train
4,1,78,train
4,1,79,train
4,1,80,train
4,1,81,train
4,1,82,train
4,1,83,train
4,1,84,train
4,1,85,train
4,1,86,train
4,1,87,train
4,1,88,train
4,1,89,train
4,1,90,train
4,1,91,train
4,1,92,train
4,1,93,train
4,1,94,train
4,1,95,train
4,1,96,train
4,1,97,train
4,1,98,train
4,1,99,train
4,1,100,train
4,1,101,train
4,1,102,train
4,1,103,train
4,1,104,val
4,1,105,val
4,1,106,val
4,1,107,train
4,1,108,train
4,1,109,train
4,1,110,train
4,1,111,train
4,1,112,train
4,1,113,train
4,1,114,train
4,1,115,test
4,1,116,test
4,1,117,test
4,1,118,test
4,1,119,test
4,1,120,test
4,1,121,test
4,1,122,test
4,1,123,test
4,1,124,test
4,1,125,test
4,1,126,test
4,1,127,test
4,1,128,test
4,1,129,test
4,1,130,test
4,1,131,train
4,1,132,train
4,1,133,train
4,1,134,train
4,1,135,train
4,1,136,train
4,1,137,train
4,1,138,train
4,1,139,train
4,1,140,train
4,1,141,test
4,1,142,test
4,1,143,test
4,1,144,test
4,1,145,train
4,1,146,test
4,1,147,test
4,1,148,test
4,1,149,test
4,1,150,test
4,1,151,test
4,1,152,test
4,1,153,test
4,1,154,train
4,1,155,val
4,1,156,val
4,1,157,val
4,1,158,val
4,1,159,val
4,1,160,val
4,1,161,val
4,1,162,train
4,1,163,train
4,1,164,train
4,1,165,train
4,1,166,train
4,1,167,train
4,1,168,test
4,1,169,test
4,1,170,test
4,1,171,test
4,1,172,test
4,1,173,train
4,1,174,train
4,1,175,train
4,1,176,train
4,1,177,train
4,1,178,train
4,1,179,train
4,1,180,train
4,1,181,test
4,1,182,test
4,1,183,test
4,1,184,test
4,1,185,test
4,1,186,train
4,1,187,train
4,1,188,train
4,1,189,train
4,1,190,train
4,1,191,train
4,1,192,train
4,1,193,train
4,1,194,train
4,1,195,train
4,1,196,train
4,1,197,train
4,1,198,train
4,1,199,train
4,1,200,train
4,1,201,train
4,1,202,train
4,1,203,train
4,1,204,train
4,1,205,train
4,1,206,train
4,1,207,train
4,1,208,train
4,1,209,train
4,1,210,train
4,1,211,train
4,1,212,train
4,1,213,train
4,1,214,train
4,1,215,train
4,1,216,train
4,1,217,train
4,1,218,train
4,1,219,train
4,1,220,train
4,1,221,train
4,1,222,train
4,1,223,train
4,1,224,train
4,1,225,train
4,1,226,train
4,1,227,train
4,1,228,train
4,1,229,train
4,1,230,train
4,1,231,train
4,1,232,train
4,1,233,train
4,1,234,train
4,1,235,train
4,1,236,train
4,1,237,train
4,1,238,train
4,1,239,train
4,1,240,train
4,1,241,train
4,1,242,train
4,1,243,train
4,1,244,test
4,1,245,test
4,1,246,test
4,1,247,test
4,1,248,train
4,1,249,train
4,1,250,train
4,1,251,train
4,1,252,train
4,1,253,train
4,1,254,train
4,1,255,test
4,1,256,test
4,1,257,test
4,1,258,test
4,1,259,test
4,1,260,test
4,1,261,test
4,1,262,train
4,1,263,train
4,1,264,train
4,1,265,train
4,1,266,train
4,1,267,train
4,1,268,train
4,1,269,train
4,1,270,train
4,1,271,train
4,1,272,train
4,1,273,train
4,1,274,train
4,1,275,train
4,1,276,train
4,1,277,train
4,1,278,train
4,1,279,train
4,1,280,train
4,1,281,val
4,1,282,val
4,1,283,val
4,1,284,val
4,1,285,val
4,1,286,val
4,1,287,val
4,1,288,val
4,1,289,val
4,1,290,val
4,1,291,val
4,1,292,val
4,1,293,val
4,1,294,val
4,1,295,val
4,1,296,val
4,1,297,val
4,1,298,val
4,1,299,val
4,1,300,val
4,1,301,val
4,1,302,val
4,1,303,train
4,1,304,train
4,1,305,test
4,1,306,train
4,1,307,val
4,1,308,test
4,1,309,train
4,1,310,train
4,1,311,train
4,1,312,train
4,1,313,train
4,1,314,train
4,1,315,train
4,1,316,train
4,1,317,train
4,1,318,train
4,1,319,train
4,1,320,train
4,1,321,train
4,1,322,train
4,1,323,train
4,1,324,train
4,1,325,train
4,1,326,train
4,1,327,train
4,1,328,train
4,1,329,train
4,1,330,train
4,1,331,train
4,1,332,train
4,1,333,train
4,1,334,train
4,1,335,train
4,1,336,train
4,1,337,train
4,1,338,train
4,1,339,train
4,1,340,train
4,1,341,train
4,1,342,train
4,1,343,train
4,1,344,train
4,1,345,train
4,1,346,train
4,1,347,train
4,1,348,train
4,1,349,train
4,1,350,train
4,1,351,train
4,1,352,train
4,1,353,train
4,1,354,train
4,1,355,train
4,1,356,train
4,1,357,train
4,1,358,train
4,1,359,train
4,1,360,train
4,1,361,train
4,1,362,train
4,1,363,train
4,1,364,train
4,1,365,train
4,1,366,train
4,1,367,train
4,1,368,train
4,1,369,train
4,1,370,train
4,1,371,train
4,1,372,train
4,1,373,train
4,1,374,train
4,1,375,train
4,1,376,train
4,1,377,train
4,1,378,train
4,1,379,train
4,1,380,train
4,1,381,train
4,1,382,train
4,1,383,train
4,1,384,train
4,1,385,train
4,1,386,train
4,1,387,train
4,1,388,train
4,1,389,train
4,1,390,train
4,1,391,train
4,1,392,train
4,1,393,train
4,1,394,train
4,1,395,train
4,1,396,train
4,1,397,train
4,1,398,train
4,1,399,train
4,1,400,train
4,1,401,train
4,1,402,train
4,1,403,train
4,1,404,val
4,1,405,train
4,1,406,train
4,1,407,test
4,1,408,train
4,1,409,train
4,1,410,train
4,1,411,train
4,1,412,train
4,1,413,train
4,1,414,train
4,1,415,train
4,1,416,train
4,1,417,train
4,1,418,train
4,1,419,train
4,1,420,train
4,1,421,train
4,1,422,train
4,1,423,train
4,1,424,train
4,1,425,train
4,1,426,train
4,1,427,train
4,1,428,train
4,1,429,train
4,1,430,test
4,1,431,test
4,1,432,test
4,1,433,test
4,1,434,test
4,1,435,test
4,1,436,test
4,1,437,test
4,1,438,test
4,1,439,train
4,1,440,train
4,1,441,train
4,1,442,train
4,1,443,train
4,1,444,train
4,1,445,train
4,1,446,train
4,1,447,train
4,1,448,test
4,1,449,test
4,1,450,test
4,1,451,test
4,1,452,test
4,1,453,test
4,1,454,test
4,1,455,test
4,1,456,test
4,1,457,test
4,1,458,test
4,1,459,train
4,1,460,train
4,1,461,train
4,1,462,train
4,1,463,train
4,1,464,train
4,1,465,train
4,1,466,train
4,1,467,train
4,1,468,train
4,1,469,train
4,1,470,train
4,1,471,train
4,1,472,test
4,1,473,test
4,1,474,test
4,1,475,test
4,1,476,test
4,1,477,test
4,1,478,test
4,1,479,test
4,1,480,test
4,1,481,test
4,1,482,test
4,1,483,test
4,1,484,test
4,1,485,test
4,1,486,test
4,1,487,test
4,1,488,test
4,1,489,test
4,1,490,test
4,1,491,test
4,1,492,test
4,1,493,test
4,1,494,test
4,1,495,test
4,1,496,test
4,1,497,test
4,1,498,test
4,1,499,test
4,1,500,test
4,1,501,test
4,1,502,test
4,1,503,test
4,1,504,test
4,1,505,test
4,1,506,test
4,1,507,test
4,1,508,test
4,1,509,test
4,1,510,test
4,1,511,test
4,1,512,test
4,1,513,test
4,1,514,test
4,1,515,test
4,1,516,test
4,1,517,test
4,1,518,test
4,1,519,test
4,1,520,test
4,1,521,test
4,1,522,test
4,1,523,train
4,1,524,train
4,1,525,train
4,1,526,train
4,1,527,train
4,1,528,train
4,1,529,train
4,1,530,train
4,1,531,train
4,1,532,train
4,1,533,train
4,1,534,train
4,1,535,train
4,1,536,test
4,1,537,test
4,1,538,test
4,1,539,test
4,1,540,test
4,1,541,test
4,1,542,test
4,1,543,test
4,1,544,test
4,1,545,test
4,1,546,test
4,1,547,train
4,1,548,train
4,1,549,train
4,2,0,train
4,2,1,test
4,2,2,train
4,2,3,train
4,2,4,train
4,2,5,train
4,2,6,train
4,2,7,train
4,2,8,train
4,2,9,train
4,2,10,train
4,2,11,train
4,2,12,train
4,2,13,train
4,2,14,train
4,2,15,train
4,2,16,train
4,2,17,train
4,2,18,train
4,2,19,train
4,2,20,train
4,2,21,train
4,2,22,train
4,2,23,train
4,2,24,train
4,2,25,train
4,2,26,train
4,2,27,train
4,2,28,train
4,2,29,train
4,2,30,train
4,2,31,train
4,2,32,test
4,2,33,test
4,2,34,test
4,2,35,test
4,2,36,test
4,2,37,test
4,2,38,test
4,2,39,train
4,2,40,train
4,2,41,train
4,2,42,train
4,2,43,train
4,2,44,train
4,2,45,train
4,2,46,train
4,2,47,train
4,2,48,train
4,2,49,train
4,2,50,train
4,2,51,train
4,2,52,train
4,2,53,train
4,2,54,train
4,2,55,train
4,2,56,train
4,2,57,train
4,2,58,train
4,2,59,train
4,2,60,train
4,2,61,train
4,2,62,train
4,2,63,train
4,2,64,train
4,2,65,train
4,2,66,train
4,2,67,train
4,2,68,train
4,2,69,train
4,2,70,train
4,2,71,train
4,2,72,train
4,2,73,train
4,2,74,train
4,2,75,train
4,2,76,train
4,2,77,train
4,2,78,train
4,2,79,train
4,2,80,train
4,2,81,train
4,2,82,train
4,2,83,train
4,2,84,train
4,2,85,train
4,2,86,train
4,2,87,train
4,2,88,train
4,2,89,train
4,2,90,train
4,2,91,train
4,2,92,train
4,2,93,train
4,2,94,train
4,2,95,train
4,2,96,test
4,2,97,test
4,2,98,test
4,2,99,test
4,2,100,test
4,2,101,test
4,2,102,test
4,2,103,test
4,2,104,train
4,2,105,train
4,2,106,train
4,2,107,test
4,2,108,test
4,2,109,test
4,2,110,test
4,2,111,test
4,2,112,test
4,2,113,test
4,2,114,test
4,2,115,train
4,2,116,train
4,2,117,train
4,2,118,train
4,2,119,train
4,2,120,train
4,2,121,train
4,2,122,train
4,2,123,train
4,2,124,train
4,2,125,train
4,2,126,train
4,2,127,train
4,2,128,train
4,2,129,train
4,2,130,train
4,2,131,test
4,2,132,test
4,2,133,test
4,2,134,test
4,2,135,test
4,2,136,test
4,2,137,test
4,2,138,test
4,2,139,test
4,2,140,test
4,2,141,val
4,2,142,val
4,2,143,val
4,2,144,val
4,2,145,val
4,2,146,train
4,2,147,train
4,2,148,train
4,2,149,train
4,2,150,train
4,2,151,train
4,2,152,train
4,2,153,train
4,2,154,train
4,2,155,test
4,2,156,test
4,2,157,test
4,2,158,test
4,2,159,test
4,2,160,test
4,2,161,test
4,2,162,test
4,2,163,test
4,2,164,test
4,2,165,train
4,2,166,test
4,2,167,train
4,2,168,train
4,2,169,train
4,2,170,train
4,2,171,train
4,2,172,train
4,2,173,train
4,2,174,train
4,2,175,train
4,2,176,train
4,2,177,train
4,2,178,train
4,2,179,train
4,2,180,train
4,2,181,train
4,2,182,train
4,2,183,train
4,2,184,train
4,2,185,train
4,2,186,test
4,2,187,train
4,2,188,train
4,2,189,train
4,2,190,train
4,2,191,train
4,2,192,train
4,2,193,train
4,2,194,train
4,2,195,train
4,2,196,train
4,2,197,train
4,2,198,train
4,2,199,train
4,2,200,train
4,2,201,test
4,2,202,test
4,2,203,test
4,2,204,test
4,2,205,test
4,2,206,test
4,2,207,test
4,2,208,test
4,2,209,test
4,2,210,test
4,2,211,test
4,2,212,test
4,2,213,test
4,2,214,test
4,2,215,test
4,2,216,test
4,2,217,test
4,2,218,test
4,2,219,test
4,2,220,test
4,2,221,test
4,2,222,test
4,2,223,test
4,2,224,test
4,2,225,test
4,2,226,test
4,2,227,test
4,2,228,test
4,2,229,test
4,2,230,test
4,2,231,test
4,2,232,test
4,2,233,test
4,2,234,test
4,2,235,test
4,2,236,test
4,2,237,test
4,2,238,test
4,2,239,test
4,2,240,test
4,2,241,test
4,2,242,test
4,2,243,train
4,2,244,val
4,2,245,val
4,2,246,val
4,2,247,val
4,2,248,test
4,2,249,test
4,2,250,test
4,2,251,test
4,2,252,test
4,2,253,test
4,2,254,test
4,2,255,train
4,2,256,train
4,2,257,train
4,2,258,train
4,2,259,train
4,2,260,train
4,2,261,train
4,2,262,train
4,2,263,train
4,2,264,train
4,2,265,train
4,2,266,train
4,2,267,train
4,2,268,train
4,2,269,train
4,2,270,train
4,2,271,train
4,2,272,train
4,2,273,train
4,2,274,train
4,2,275,train
4,2,276,train
4,2,277,train
4,2,278,train
4,2,279,train
4,2,280,train
4,2,281,test
4,2,282,test
4,2,283,test
4,2,284,test
4,2,285,test
4,2,286,test
4,2,287,test
4,2,288,test
4,2,289,test
4,2,290,test
4,2,291,test
4,2,292,test
4,2,293,test
4,2,294,test
4,2,295,test
4,2,296,test
4,2,297,test
4,2,298,test
4,2,299,test
4,2,300,test
4,2,301,test
4,2,302,test
4,2,303,train
4,2,304,train
4,2,305,train
4,2,306,train
4,2,307,train
4,2,308,train
4,2,309,train
4,2,310,train
4,2,311,train
4,2,312,train
4,2,313,train
4,2,314,train
4,2,315,test
4,2,316,test
4,2,317,test
4,2,318,test
4,2,319,test
4,2,320,test
4,2,321,test
4,2,322,test
4,2,323,test
4,2,324,test
4,2,325,test
4,2,326,test
4,2,327,test
4,2,328,test
4,2,329,test
4,2,330,test
4,2,331,test
4,2,332,test
4,2,333,test
4,2,334,test
4,2,335,test
4,2,336,test
4,2,337,test
4,2,338,test
4,2,339,test
4,2,340,test
4,2,341,test
4,2,342,test
4,2,343,test
4,2,344,test
4,2,345,test
4,2,346,test
4,2,347,test
4,2,348,test
4,2,349,test
4,2,350,test
4,2,351,test
4,2,352,test
4,2,353,test
4,2,354,test
4,2,355,test
4,2,356,test
4,2,357,test
4,2,358,test
4,2,359,test
4,2,360,test
4,2,361,test
4,2,362,test
4,2,363,test
4,2,364,test
4,2,365,test
4,2,366,test
4,2,367,test
4,2,368,test
4,2,369,test
4,2,370,test
4,2,371,test
4,2,372,test
4,2,373,test
4,2,374,test
4,2,375,test
4,2,376,test
4,2,377,test
4,2,378,test
4,2,379,test
4,2,380,test
4,2,381,test
4,2,382,test
4,2,383,test
4,2,384,test
4,2,385,test
4,2,386,test
4,2,387,test
4,2,388,test
4,2,389,test
4,2,390,test
4,2,391,test
4,2,392,test
4,2,393,val
4,2,394,val
4,2,395,val
4,2,396,val
4,2,397,val
4,2,398,val
4,2,399,val
4,2,400,val
4,2,401,val
4,2,402,val
4,2,403,val
4,2,404,train
4,2,405,train
4,2,406,train
4,2,407,train
4,2,408,train
4,2,409,train
4,2,410,train
4,2,411,train
4,2,412,train
4,2,413,train
4,2,414,train
4,2,415,train
4,2,416,train
4,2,417,train
4,2,418,train
4,2,419,train
4,2,420,train
4,2,421,train
4,2,422,train
4,2,423,train
4,2,424,train
4,2,425,train
4,2,426,train
4,2,427,train
4,2,428,train
4,2,429,train
4,2,430,train
4,2,431,train
4,2,432,train
4,2,433,train
4,2,434,train
4,2,435,train
4,2,436,train
4,2,437,train
4,2,438,train
4,2,439,train
4,2,440,train
4,2,441,train
4,2,442,train
4,2,443,train
4,2,444,train
4,2,445,train
4,2,446,train
4,2,447,train
4,2,448,val
4,2,449,val
4,2,450,val
4,2,451,val
4,2,452,val
4,2,453,val
4,2,454,val
4,2,455,val
4,2,456,val
4,2,457,val
4,2,458,val
4,2,459,test
4,2,460,test
4,2,461,test
4,2,462,test
4,2,463,test
4,2,464,test
4,2,465,test
4,2,466,test
4,2,467,test
4,2,468,test
4,2,469,test
4,2,470,test
4,2,471,test
4,2,472,train
4,2,473,train
4,2,474,train
4,2,475,train
4,2,476,train
4,2,477,train
4,2,478,train
4,2,479,train
4,2,480,train
4,2,481,train
4,2,482,train
4,2,483,train
4,2,484,train
4,2,485,train
4,2,486,train
4,2,487,train
4,2,488,train
4,2,489,train
4,2,490,train
4,2,491,train
4,2,492,train
4,2,493,train
4,2,494,train
4,2,495,train
4,2,496,train
4,2,497,train
4,2,498,train
4,2,499,train
4,2,500,train
4,2,501,train
4,2,502,train
4,2,503,train
4,2,504,train
4,2,505,train
4,2,506,train
4,2,507,train
4,2,508,train
4,2,509,train
4,2,510,train
4,2,511,train
4,2,512,train
4,2,513,train
4,2,514,train
4,2,515,train
4,2,516,train
4,2,517,train
4,2,518,train
4,2,519,train
4,2,520,train
4,2,521,train
4,2,522,train
4,2,523,train
4,2,524,train
4,2,525,train
4,2,526,train
4,2,527,train
4,2,528,train
4,2,529,train
4,2,530,train
4,2,531,train
4,2,532,train
4,2,533,train
4,2,534,train
4,2,535,train
4,2,536,train
4,2,537,train
4,2,538,train
4,2,539,train
4,2,540,train
4,2,541,train
4,2,542,train
4,2,543,train
4,2,544,train
4,2,545,train
4,2,546,train
4,2,547,train
4,2,548,test
4,2,549,test
4,3,0,train
4,3,1,train
4,3,2,test
4,3,3,test
4,3,4,test
4,3,5,test
4,3,6,test
4,3,7,test
4,3,8,test
4,3,9,test
4,3,10,test
4,3,11,test
4,3,12,test
4,3,13,test
4,3,14,test
4,3,15,test
4,3,16,test
4,3,17,test
4,3,18,test
4,3,19,test
4,3,20,test
4,3,21,test
4,3,22,test
4,3,23,test
4,3,24,test
4,3,25,test
4,3,26,test
4,3,27,test
4,3,28,test
4,3,29,test
4,3,30,test
4,3,31,test
4,3,32,train
4,3,33,train
4,3,34,train
4,3,35,train
4,3,36,train
4,3,37,train
4,3,38,train
4,3,39,test
4,3,40,test
4,3,41,test
4,3,42,test
4,3,43,test
4,3,44,test
4,3,45,test
4,3,46,test
4,3,47,test
4,3,48,test
4,3,49,test
4,3,50,test
4,3,51,test
4,3,52,test
4,3,53,train
4,3,54,train
4,3,55,train
4,3,56,train
4,3,57,test
4,3,58,test
4,3,59,test
4,3,60,test
4,3,61,test
4,3,62,test
4,3,63,test
4,3,64,test
4,3,65,test
4,3,66,test
4,3,67,test
4,3,68,test
4,3,69,test
4,3,70,test
4,3,71,test
4,3,72,test
4,3,73,test
4,3,74,test
4,3,75,test
4,3,76,test
4,3,77,test
4,3,78,test
4,3,79,test
4,3,80,test
4,3,81,test
4,3,82,test
4,3,83,test
4,3,84,test
4,3,85,test
4,3,86,test
4,3,87,test
4,3,88,test
4,3,89,test
4,3,90,test
4,3,91,test
4,3,92,test
4,3,93,test
4,3,94,test
4,3,95,test
4,3,96,train
4,3,97,train
4,3,98,train
4,3,99,train
4,3,100,train
4,3,101,train
4,3,102,train
4,3,103,train
4,3,104,test
4,3,105,test
4,3,106,test
4,3,107,val
4,3,108,val
4,3,109,val
4,3,110,val
4,3,111,val
4,3,112,val
4,3,113,val
4,3,114,val
4,3,115,train
4,3,116,train
4,3,117,train
4,3,118,train
4,3,119,val
4,3,120,val
4,3,121,val
4,3,122,val
4,3,123,val
4,3,124,val
4,3,125,val
4,3,126,val
4,3,127,val
4,3,128,val
4,3,129,val
4,3,130,val
4,3,131,train
4,3,132,train
4,3,133,train
4,3,134,train
4,3,135,train
4,3,136,train
4,3,137,train
4,3,138,train
4,3,139,train
4,3,140,train
4,3,141,train
4,3,142,train
4,3,143,train
4,3,144,train
4,3,145,test
4,3,146,train
4,3,147,train
4,3,148,train
4,3,149,train
4,3,150,train
4,3,151,train
4,3,152,train
4,3,153,train
4,3,154,train
4,3,155,train
4,3,156,train
4,3,157,train
4,3,158,train
4,3,159,train
4,3,160,train
4,3,161,train
4,3,162,val
4,3,163,val
4,3,164,val
4,3,165,train
4,3,166,train
4,3,167,test
4,3,168,train
4,3,169,train
4,3,170,train
4,3,171,train
4,3,172,train
4,3,173,test
4,3,174,test
4,3,175,test
4,3,176,test
4,3,177,test
4,3,178,test
4,3,179,test
4,3,180,test
4,3,181,train
4,3,182,train
4,3,183,train
4,3,184,train
4,3,185,train
4,3,186,train
4,3,187,train
4,3,188,train
4,3,189,train
4,3,190,train
4,3,191,train
4,3,192,train
4,3,193,train
4,3,194,train
4,3,195,train
4,3,196,train
4,3,197,train
4,3,198,train
4,3,199,train
4,3,200,train
4,3,201,train
4,3,202,train
4,3,203,train
4,3,204,train
4,3,205,train
4,3,206,train
4,3,207,train
4,3,208,train
4,3,209,train
4,3,210,train
4,3,211,train
4,3,212,train
4,3,213,train
4,3,214,train
4,3,215,train
4,3,216,train
4,3,217,train
4,3,218,train
4,3,219,train
4,3,220,train
4,3,221,train
4,3,222,train
4,3,223,train
4,3,224,train
4,3,225,train
4,3,226,train
4,3,227,train
4,3,228,train
4,3,229,train
4,3,230,train
4,3,231,train
4,3,232,train
4,3,233,train
4,3,234,train
4,3,235,train
4,3,236,train
4,3,237,train
4,3,238,train
4,3,239,train
4,3,240,train
4,3,241,train
4,3,242,train
4,3,243,test
4,3,244,train
4,3,245,train
4,3,246,train
4,3,247,train
4,3,248,train
4,3,249,train
4,3,250,train
4,3,251,train
4,3,252,train
4,3,253,train
4,3,254,train
4,3,255,train
4,3,256,train
4,3,257,train
4,3,258,train
4,3,259,train
4,3,260,train
4,3,261,train
4,3,262,test
4,3,263,test
4,3,264,test
4,3,265,test
4,3,266,test
4,3,267,test
4,3,268,test
4,3,269,test
4,3,270,test
4,3,271,test
4,3,272,test
4,3,273,test
4,3,274,test
4,3,275,test
4,3,276,test
4,3,277,test
4,3,278,test
4,3,279,test
4,3,280,test
4,3,281,train
4,3,282,train
4,3,283,train
4,3,284,train
4,3,285,train
4,3,286,train
4,3,287,train
4,3,288,train
4,3,289,train
4,3,290,train
4,3,291,train
4,3,292,train
4,3,293,train
4,3,294,train
4,3,295,train
4,3,296,train
4,3,297,train
4,3,298,train
4,3,299,train
4,3,300,train
4,3,301,train
4,3,302,train
4,3,303,test
4,3,304,train
4,3,305,train
4,3,306,train
4,3,307,train
4,3,308,train
4,3,309,test
4,3,310,test
4,3,311,test
4,3,312,test
4,3,313,test
4,3,314,test
4,3,315,train
4,3,316,train
4,3,317,train
4,3,318,train
4,3,319,train
4,3,320,train
4,3,321,train
4,3,322,train
4,3,323,train
4,3,324,train
4,3,325,train
4,3,326,train
4,3,327,train
4,3,328,train
4,3,329,train
4,3,330,train
4,3,331,train
4,3,332,train
4,3,333,train
4,3,334,train
4,3,335,train
4,3,336,train
4,3,337,train
4,3,338,train
4,3,339,train
4,3,340,train
4,3,341,train
4,3,342,train
4,3,343,train
4,3,344,train
4,3,345,train
4,3,346,train
4,3,347,train
4,3,348,train
4,3,349,train
4,3,350,train
4,3,351,train
4,3,352,train
4,3,353,train
4,3,354,train
4,3,355,train
4,3,356,train
4,3,357,train
4,3,358,train
4,3,359,train
4,3,360,train
4,3,361,train
4,3,362,train
4,3,363,train
4,3,364,train
4,3,365,train
4,3,366,train
4,3,367,train
4,3,368,train
4,3,369,train
4,3,370,train
4,3,371,train
4,3,372,train
4,3,373,train
4,3,374,train
4,3,375,train
4,3,376,train
4,3,377,train
4,3,378,train
4,3,379,train
4,3,380,train
4,3,381,train
4,3,382,train
4,3,383,train
4,3,384,train
4,3,385,train
4,3,386,train
4,3,387,train
4,3,388,train
4,3,389,train
4,3,390,train
4,3,391,train
4,3,392,train
4,3,393,test
4,3,394,test
4,3,395,test
4,3,396,test
4,3,397,test
4,3,398,test
4,3,399,test
4,3,400,test
4,3,401,test
4,3,402,test
4,3,403,test
4,3,404,test
4,3,405,test
4,3,406,test
4,3,407,val
4,3,408,train
4,3,409,train
4,3,410,train
4,3,411,train
4,3,412,train
4,3,413,train
4,3,414,train
4,3,415,train
4,3,416,train
4,3,417,test
4,3,418,test
4,3,419,test
4,3,420,test
4,3,421,test
4,3,422,test
4,3,423,test
4,3,424,test
4,3,425,test
4,3,426,test
4,3,427,test
4,3,428,test
4,3,429,test
4,3,430,train
4,3,431,train
4,3,432,train
4,3,433,train
4,3,434,train
4,3,435,train
4,3,436,train
4,3,437,train
4,3,438,train
4,3,439,val
4,3,440,val
4,3,441,val
4,3,442,val
4,3,443,val
4,3,444,val
4,3,445,val
4,3,446,val
4,3,447,val
4,3,448,train
4,3,449,train
4,3,450,train
4,3,451,train
4,3,452,train
4,3,453,train
4,3,454,train
4,3,455,train
4,3,456,train
4,3,457,train
4,3,458,train
4,3,459,train
4,3,460,train
4,3,461,train
4,3,462,train
4,3,463,train
4,3,464,train
4,3,465,train
4,3,466,train
4,3,467,train
4,3,468,train
4,3,469,train
4,3,470,train
4,3,471,train
4,3,472,train
4,3,473,train
4,3,474,train
4,3,475,train
4,3,476,train
4,3,477,train
4,3,478,train
4,3,479,train
4,3,480,train
4,3,481,train
4,3,482,train
4,3,483,train
4,3,484,train
4,3,485,train
4,3,486,train
4,3,487,train
4,3,488,train
4,3,489,train
4,3,490,train
4,3,491,train
4,3,492,train
4,3,493,train
4,3,494,train
4,3,495,train
4,3,496,train
4,3,497,train
4,3,498,train
4,3,499,train
4,3,500,train
4,3,501,train
4,3,502,train
4,3,503,train
4,3,504,train
4,3,505,train
4,3,506,train
4,3,507,train
4,3,508,train
4,3,509,train
4,3,510,train
4,3,511,train
4,3,512,train
4,3,513,train
4,3,514,train
4,3,515,train
4,3,516,train
4,3,517,train
4,3,518,train
4,3,519,train
4,3,520,train
4,3,521,train
4,3,522,train
4,3,523,test
4,3,524,test
4,3,525,test
4,3,526,test
4,3,527,test
4,3,528,test
4,3,529,test
4,3,530,test
4,3,531,test
4,3,532,test
4,3,533,test
4,3,534,test
4,3,535,test
4,3,536,val
4,3,537,val
4,3,538,val
4,3,539,val
4,3,540,val
4,3,541,val
4,3,542,val
4,3,543,val
4,3,544,val
4,3,545,val
4,3,546,val
4,3,547,test
4,3,548,train
4,3,549,train
